doi, downloads, age, type, value
10.6084/m9.figshare.3443876,734,0,data,1.025082689
10.6084/m9.figshare.5384101.v3,22,1,data,0.956639416
10.6084/m9.figshare.6714206.v1,25,0,data,1.375
10.6084/m9.figshare.6791120.v1,13,0,data,1.025862069
10.6084/m9.figshare.900359,144,4,data,0.832467482
10.6084/m9.figshare.1327994,433,3,data,0.861399463
10.6084/m9.figshare.5277025.v1,113,1,data,0.966535547
10.6084/m9.figshare.840512,17,5,data,0.792537512
10.6084/m9.figshare.928547,29,4,data,0.832467482
10.6084/m9.figshare.c.3259513.v1,12,2,data,0.90874132
10.6084/m9.figshare.6571583.v1,4,0,data,1.09375
10.6084/m9.figshare.95927,93,6,data,0.742589996
10.6084/m9.figshare.97388,38,6,data,0.741561846
10.6084/m9.figshare.97572,56,6,data,0.742057597
10.6084/m9.figshare.1321361.v5,729,3,data,0.872338352
10.6084/m9.figshare.5255365.v1,30,1,data,0.965118313
10.6084/m9.figshare.106268,20,5,data,0.781889009
10.6084/m9.figshare.5946970.v1,9,0,data,1.020833333
10.6084/m9.figshare.103117,1405,6,data,0.865818221
10.6084/m9.figshare.3813930.v2,4,2,data,0.906227849
10.6084/m9.figshare.5426518.v1,19,1,data,0.96136456
10.6084/m9.figshare.5900233.v1,3,0,data,1.025862069
10.6084/m9.figshare.6203993,4,0,data,1.016666667
10.6084/m9.figshare.705153,34,5,data,0.783854243
10.6084/m9.figshare.1514976,33,3,data,0.865634933
10.6084/m9.figshare.155796,44,5,data,0.786380973
10.6084/m9.figshare.4224270.v2,62,2,data,0.908955471
10.6084/m9.figshare.5799303,10,0,data,1.044117647
10.6084/m9.figshare.5904904.v1,2,0,data,1.0375
10.6084/m9.figshare.5917384.v1,4,0,data,1.027777778
10.6084/m9.figshare.732736,18,5,data,0.783854243
10.6084/m9.figshare.761186,34,5,data,0.781327513
10.6084/m9.figshare.3190159.v1,18,2,data,0.950822348
10.6084/m9.figshare.5202850,10,1,data,0.961083338
10.6084/m9.figshare.5353630.v1,54,1,data,0.990687485
10.6084/m9.figshare.5394382.v1,93,1,data,1.326229425
10.6084/m9.figshare.642878,35,5,data,0.783854243
10.6084/m9.figshare.692034,35,5,data,0.788907704
10.6084/m9.figshare.747485,47,5,data,0.783854243
10.6084/m9.figshare.103767,13,5,data,0.779578238
10.6084/m9.figshare.1582705.v1,1691,3,data,0.902374643
10.6084/m9.figshare.159692,35,5,data,0.783854243
10.6084/m9.figshare.3397714.v2,238,2,data,0.908596731
10.6084/m9.figshare.4688344.v1,70,1,data,0.953961203
10.6084/m9.figshare.5255368.v1,64,1,data,0.965118313
10.6084/m9.figshare.106409,3,5,data,0.781832859
10.6084/m9.figshare.679840,31,5,data,0.783854243
10.6084/m9.figshare.1471105,169,3,data,0.863643185
10.6084/m9.figshare.5484178.v1,25,1,data,0.959344412
10.6084/m9.figshare.639946,89,5,data,0.788907704
10.6084/m9.figshare.92826,161,6,data,0.766551359
10.6084/m9.figshare.94045,61,6,data,0.743296973
10.6084/m9.figshare.96385,44,5,data,0.779265549
10.6084/m9.figshare.c.2185342,12,2,data,0.950822348
10.6084/m9.figshare.1383130,251,0,data,1.006131324
10.6084/m9.figshare.1466903,208,3,data,0.864937204
10.6084/m9.figshare.3980463,123,1,data,0.972453238
10.6084/m9.figshare.6967439,51,0,data,1.057692308
10.6084/m9.figshare.718146,263,5,data,0.779189511
10.6084/m9.figshare.155788,23,5,data,0.781327513
10.6084/m9.figshare.4733020,30,1,data,0.976229425
10.6084/m9.figshare.5053291.v1,169,1,data,0.953335605
10.6084/m9.figshare.5558587.v1,15,1,data,0.956860232
10.6084/m9.figshare.5640985,18,1,data,0.972657996
10.6084/m9.figshare.6353045,22,0,data,1.025
10.6084/m9.figshare.1265056,57,3,data,0.861952653
10.6084/m9.figshare.103707,22,5,data,0.779643026
10.6084/m9.figshare.670620,203,5,data,0.781327513
10.6084/m9.figshare.931754,45,4,data,0.832467482
10.6084/m9.figshare.99760,30,5,data,0.780659847
10.6084/m9.figshare.3382393,357,1,data,0.998939779
10.6084/m9.figshare.4928684,101,1,data,0.95401639
10.6084/m9.figshare.4960157.v2,10,1,data,0.966854425
10.6084/m9.figshare.5147068,42,1,data,0.976312114
10.6084/m9.figshare.5788125.v1,15,0,data,1.034090909
10.6084/m9.figshare.5975011.v1,5634,0,data,1.083333333
10.6084/m9.figshare.6789902,49,0,data,1.057692308
10.6084/m9.figshare.1416304.v1,160,3,data,0.884145476
10.6084/m9.figshare.4055448.v1,2068,2,data,0.998587418
10.6084/m9.figshare.4476308.v1,708,2,data,0.914691332
10.6084/m9.figshare.4555474,262,1,data,0.956639416
10.6084/m9.figshare.4707316,635,1,data,0.957958926
10.6084/m9.figshare.882837,29,4,data,0.823784213
10.6084/m9.figshare.1045384,84,3,data,0.860891133
10.6084/m9.figshare.3841173.v2,48,1,data,0.959112555
10.6084/m9.figshare.4954523.v1,3,1,data,0.962725657
10.6084/m9.figshare.106948,83,6,data,0.750925141
10.6084/m9.figshare.6830282,10,0,data,1.025
10.6084/m9.figshare.715886,16,5,data,0.788907704
10.6084/m9.figshare.816908,34,5,data,0.783854243
10.6084/m9.figshare.915332,25,4,data,0.832467482
10.6084/m9.figshare.1295274,388,3,data,0.862779435
10.6084/m9.figshare.1054733,17,4,data,0.819082977
10.6084/m9.figshare.5016599,93,1,data,0.9674594
10.6084/m9.figshare.5688451,13,1,data,1.138729425
10.6084/m9.figshare.5923312.v1,1,0,data,1.09375
10.6084/m9.figshare.94046,46,6,data,0.743296973
10.6084/m9.figshare.5147722.v1,35,1,data,0.982479425
10.6084/m9.figshare.5386846.v1,97,1,data,0.981229425
10.6084/m9.figshare.6353210,10,0,data,1.0625
10.6084/m9.figshare.6789905,52,0,data,1.057692308
10.6084/m9.figshare.1092521.v1,393,3,data,0.873395659
10.6084/m9.figshare.1183468,24,4,data,0.819209475
10.6084/m9.figshare.96389,45,5,data,0.779265549
10.6084/m9.figshare.3841173,48,1,data,0.956639416
10.6084/m9.figshare.4315778.v2,530,2,data,0.931623132
10.6084/m9.figshare.4530893.v2,1127,1,data,1.011384368
10.6084/m9.figshare.5330908,11,1,data,0.956069943
10.6084/m9.figshare.5629732,1,0,data,1.083333333
10.6084/m9.figshare.106726,40,5,data,0.780244629
10.6084/m9.figshare.690946,44,5,data,0.783854243
10.6084/m9.figshare.1015761,70,4,data,0.829471133
10.6084/m9.figshare.5234815.v1,92,1,data,0.968671285
10.6084/m9.figshare.5445241.v1,26,1,data,0.965750981
10.6084/m9.figshare.5777430.v1,13,0,data,1.01171875
10.6084/m9.figshare.1297059,125,1,data,0.952357219
10.6084/m9.figshare.104539.v1,687,6,data,0.773426916
10.6084/m9.figshare.4806631,227,1,data,0.961641107
10.6084/m9.figshare.5146096,57,1,data,0.969086567
10.6084/m9.figshare.5919451.v1,3,0,data,1.044117647
10.6084/m9.figshare.104579,37,5,data,0.780695831
10.6084/m9.figshare.5211916,35,0,data,1.0625
10.6084/m9.figshare.646166,19,5,data,0.783854243
10.6084/m9.figshare.815941,10,5,data,0.780064148
10.6084/m9.figshare.96319,24,5,data,0.780064148
10.6084/m9.figshare.97101,200,6,data,0.741190034
10.6084/m9.figshare.97570,17,6,data,0.742057597
10.6084/m9.figshare.1392140.v1,1331,3,data,0.952677837
10.6084/m9.figshare.95949,87,5,data,0.783186577
10.6084/m9.figshare.963054.v1,2141,4,data,0.857952087
10.6084/m9.figshare.3398563.v1,106,2,data,0.908596731
10.6084/m9.figshare.4587061.v1,50,1,data,0.957360749
10.6084/m9.figshare.4750702,453,1,data,0.957958926
10.6084/m9.figshare.5018774.v1,3927,1,data,1.377139005
10.6084/m9.figshare.5661070.v1,21,0,data,1.039473684
10.6084/m9.figshare.6667409,8,0,data,1.0625
10.6084/m9.figshare.730373,41,5,data,0.783854243
10.6084/m9.figshare.818973,43,5,data,0.788907704
10.6084/m9.figshare.964812.v3,576,4,data,0.821902674
10.6084/m9.figshare.1502664.v1,51,3,data,0.896422262
10.6084/m9.figshare.106438,38,5,data,0.788907704
10.6084/m9.figshare.97094,18,6,data,0.741190034
10.6084/m9.figshare.1418386,99,3,data,0.861991277
10.6084/m9.figshare.1439803,209,3,data,0.869608285
10.6084/m9.figshare.2062650,42,2,data,0.915551704
10.6084/m9.figshare.3842877.v3,65,2,data,0.906227849
10.6084/m9.figshare.4483502.v1,302,2,data,1.065784674
10.6084/m9.figshare.4659151.v1,25,1,data,1.11217668
10.6084/m9.figshare.5816592.v1,126,0,data,1.025862069
10.6084/m9.figshare.815905,338,2,data,0.904966994
10.6084/m9.figshare.1492351.v1,66,3,data,0.871319883
10.6084/m9.figshare.679766,42,5,data,0.780064148
10.6084/m9.figshare.1031637.v2,3432,4,data,0.827766898
10.6084/m9.figshare.96407,159,5,data,0.780064148
10.6084/m9.figshare.3085426.v1,376,2,data,0.906120718
10.6084/m9.figshare.5457220.v1,40,1,data,0.972657996
10.6084/m9.figshare.679762,34,5,data,0.780064148
10.6084/m9.figshare.815942,23,5,data,0.781327513
10.6084/m9.figshare.833294,33,5,data,0.783854243
10.6084/m9.figshare.154686,20,5,data,0.780244629
10.6084/m9.figshare.155791,33,5,data,0.788907704
10.6084/m9.figshare.103774,16,5,data,0.779578238
10.6084/m9.figshare.1041821,1422,3,data,0.896422262
10.6084/m9.figshare.5892748,13,0,data,1.044117647
10.6084/m9.figshare.96387,27,5,data,0.779265549
10.6084/m9.figshare.155787,28,5,data,0.781327513
10.6084/m9.figshare.4291586.v1,53,2,data,0.908897477
10.6084/m9.figshare.4983362.v1,122,1,data,0.955564685
10.6084/m9.figshare.5743314,5,0,data,1.025
10.6084/m9.figshare.638006,26,5,data,0.781327513
10.6084/m9.figshare.640020,25,5,data,0.781327513
10.6084/m9.figshare.847286,20,5,data,0.781327513
10.6084/m9.figshare.870448,25,5,data,0.781327513
10.6084/m9.figshare.924690,50,4,data,0.832467482
10.6084/m9.figshare.93271,209,6,data,0.742057597
10.6084/m9.figshare.656873,58,5,data,0.780064148
10.6084/m9.figshare.722928,21,5,data,0.783854243
10.6084/m9.figshare.97386,33,6,data,0.741561846
10.6084/m9.figshare.5815956.v1,131,0,data,1.025862069
10.6084/m9.figshare.5981551,3,0,data,1.032608696
10.6084/m9.figshare.695020,11,5,data,0.781327513
10.6084/m9.figshare.1164194,634,1,data,1.074205146
10.6084/m9.figshare.103768,22,5,data,0.779578238
10.6084/m9.figshare.2066640,271,2,data,0.907580701
10.6084/m9.figshare.104580,35,5,data,0.780695831
10.6084/m9.figshare.5498152.v1,10,1,data,0.956435266
10.6084/m9.figshare.106269,20,5,data,0.781889009
10.6084/m9.figshare.6392252,4,0,data,1.034090909
10.6084/m9.figshare.640098,30,5,data,0.780064148
10.6084/m9.figshare.741709,43,5,data,0.783854243
10.6084/m9.figshare.1517802,150,3,data,0.862659928
10.6084/m9.figshare.154685,295,5,data,0.780244629
10.6084/m9.figshare.845665,612,5,data,0.779309551
10.6084/m9.figshare.95828,301,6,data,0.749854365
10.6084/m9.figshare.988297,14,4,data,0.818952313
10.6084/m9.figshare.1004464,215,4,data,0.819239521
10.6084/m9.figshare.154797,99,5,data,0.783854243
10.6084/m9.figshare.5195710.v1,25,1,data,0.956156381
10.6084/m9.figshare.4871738,39,1,data,0.990645079
10.6084/m9.figshare.1086285,162,3,data,0.861641484
10.6084/m9.figshare.154969,58,5,data,0.783854243
10.6084/m9.figshare.3206962,109,2,data,0.923130101
10.6084/m9.figshare.3454148,7,2,data,0.917768453
10.6084/m9.figshare.5686984.v2,213,0,data,1.004385965
10.6084/m9.figshare.769251.v1,106,5,data,0.781544066
10.6084/m9.figshare.1254958,805,4,data,0.852564574
10.6084/m9.figshare.155692,80,5,data,0.783854243
10.6084/m9.figshare.157209,30,5,data,0.78048527
10.6084/m9.figshare.5328442.v3,135,1,data,1.138729425
10.6084/m9.figshare.5384089.v4,20,1,data,0.956639416
10.6084/m9.figshare.1060394,38,4,data,0.821172431
10.6084/m9.figshare.5877727.v1,1,0,data,1.041666667
10.6084/m9.figshare.5975011,5634,0,data,1.053571429
10.6084/m9.figshare.638007,43,5,data,0.781327513
10.6084/m9.figshare.97093,34,6,data,0.741190034
10.6084/m9.figshare.1254958.v2,805,4,data,0.822634655
10.6084/m9.figshare.679768,22,5,data,0.780064148
10.6084/m9.figshare.1285615,2665,3,data,0.862293937
10.6084/m9.figshare.1289721,42,3,data,0.866042305
10.6084/m9.figshare.4635670.v1,0,1,data,0.970937252
10.6084/m9.figshare.5815830,139,0,data,1.025862069
10.6084/m9.figshare.5858343.v1,47,0,data,1.053571429
10.6084/m9.figshare.717189,394,5,data,0.779444581
10.6084/m9.figshare.96402,1840,6,data,0.744536349
10.6084/m9.figshare.815940,14,5,data,0.780064148
10.6084/m9.figshare.884625,116,5,data,0.793594184
10.6084/m9.figshare.979190,1648,4,data,0.829164713
10.6084/m9.figshare.4753678,7,1,data,0.954812666
10.6084/m9.figshare.156850,60,5,data,0.783854243
10.6084/m9.figshare.5675431.v2,39,1,data,0.962593061
10.6084/m9.figshare.5816595.v1,138,0,data,1.025862069
10.6084/m9.figshare.650543,27,5,data,0.781327513
10.6084/m9.figshare.154681,21,5,data,0.780244629
10.6084/m9.figshare.3175198.v1,185,2,data,0.909451121
10.6084/m9.figshare.5897272,7,0,data,1.012931034
10.6084/m9.figshare.6137312,10,0,data,1.007281553
10.6084/m9.figshare.92821,186,6,data,0.741437909
10.6084/m9.figshare.3398074.v2,97,2,data,0.908596731
10.6084/m9.figshare.4816720,432,1,data,0.965118313
10.6084/m9.figshare.5178004.v1,52,1,data,0.981817289
10.6084/m9.figshare.5640982,16,1,data,0.972657996
10.6084/m9.figshare.894971,88,4,data,0.832467482
10.6084/m9.figshare.155790,32,5,data,0.788907704
10.6084/m9.figshare.2060595,59,2,data,0.909677937
10.6084/m9.figshare.4114032.v1,57,2,data,0.91125392
10.6084/m9.figshare.5498020,53,1,data,0.966535547
10.6084/m9.figshare.893581,31,4,data,0.832467482
10.6084/m9.figshare.1252207,29,4,data,0.818926992
10.6084/m9.figshare.157207,212,5,data,0.78048527
10.6084/m9.figshare.4015824.v1,555,1,data,0.954401345
10.6084/m9.figshare.6137315,45,0,data,1.007281553
10.6084/m9.figshare.841773,200,5,data,0.779005809
10.6084/m9.figshare.3486551.v1,91,2,data,0.908723468
10.6084/m9.figshare.105626,434,6,data,0.742892682
10.6084/m9.figshare.5567806,11,1,data,0.959124161
10.6084/m9.figshare.639181,34,5,data,0.788907704
10.6084/m9.figshare.95948,288,6,data,0.745204015
10.6084/m9.figshare.96949,313,6,data,0.742766469
10.6084/m9.figshare.3201289,51,2,data,0.908009339
10.6084/m9.figshare.4800619.v1,56,1,data,0.978820383
10.6084/m9.figshare.4959869,37,1,data,0.976312114
10.6084/m9.figshare.1030403,30,4,data,0.831869305
10.6084/m9.figshare.1507481.v4,306,2,data,0.909438937
10.6084/m9.figshare.104576,28,5,data,0.780695831
10.6084/m9.figshare.833944,1253,5,data,0.779204805
10.6084/m9.figshare.870509,398,5,data,0.779547589
10.6084/m9.figshare.1265047,90,4,data,0.819160026
10.6084/m9.figshare.97099,23,6,data,0.741190034
10.6084/m9.figshare.97212,35,6,data,0.742677285
10.6084/m9.figshare.103770,91,5,data,0.779578238
10.6084/m9.figshare.4543255.v2,10,1,data,0.956535378
10.6084/m9.figshare.5483461,131,1,data,0.977023075
10.6084/m9.figshare.5660179.v1,18,1,data,0.969086567
10.6084/m9.figshare.5437420.v1,145,1,data,0.990645079
10.6084/m9.figshare.6231662,47,0,data,1.024193548
10.6084/m9.figshare.1085960,342,4,data,0.823180908
10.6084/m9.figshare.1536518,317,3,data,0.861009108
10.6084/m9.figshare.1558319,53,3,data,0.861916327
10.6084/m9.figshare.6280796,12,0,data,1.027777778
10.6084/m9.figshare.726135,56,5,data,0.783854243
10.6084/m9.figshare.757766,74,5,data,0.788907704
10.6084/m9.figshare.808590,54,5,data,0.788907704
10.6084/m9.figshare.1514975,87,3,data,0.865634933
10.6084/m9.figshare.3504413.v1,142,2,data,0.920794865
10.6084/m9.figshare.5285401,16,1,data,0.963524506
10.6084/m9.figshare.5562373.v2,22,1,data,0.994544292
10.6084/m9.figshare.6387623,6,0,data,1.035714286
10.6084/m9.figshare.790723,337,3,data,0.869608285
10.6084/m9.figshare.97466,34,6,data,0.742057597
10.6084/m9.figshare.157210,31,5,data,0.78048527
10.6084/m9.figshare.4565155,10,1,data,0.955409873
10.6084/m9.figshare.5593993,56,1,data,0.958304029
10.6084/m9.figshare.6789899,53,0,data,1.057692308
10.6084/m9.figshare.157060,15,5,data,0.782590878
10.6084/m9.figshare.1041819,1263,3,data,0.862486086
10.6084/m9.figshare.5440621.v2,207,1,data,0.963134186
10.6084/m9.figshare.5561968.v1,39,0,data,1.006729502
10.6084/m9.figshare.106723,111,5,data,0.780244629
10.6084/m9.figshare.646163,23,5,data,0.780064148
10.6084/m9.figshare.651717,38,5,data,0.781327513
10.6084/m9.figshare.3203452.v3,367,2,data,0.944311102
10.6084/m9.figshare.5259415,44,1,data,0.953832345
10.6084/m9.figshare.5549356,18,0,data,1.014705882
10.6084/m9.figshare.640023,124,5,data,0.781327513
10.6084/m9.figshare.659413,102,5,data,0.781327513
10.6084/m9.figshare.1108081,449,4,data,0.845516467
10.6084/m9.figshare.1512427.v5,11876,1,data,1.044979425
10.6084/m9.figshare.157079,18,5,data,0.793961164
10.6084/m9.figshare.5976715.v1,88,0,data,1.008152174
10.6084/m9.figshare.6086198.v1,10,0,data,1.068181818
10.6084/m9.figshare.6207584.v1,9,0,data,1.006
10.6084/m9.figshare.651718,94,5,data,0.781327513
10.6084/m9.figshare.841655,41,5,data,0.78048527
10.6084/m9.figshare.1335775,197,3,data,0.861774842
10.6084/m9.figshare.1378610.v14,668,2,data,0.908009339
10.6084/m9.figshare.1424473,87,3,data,0.891957976
10.6084/m9.figshare.103769,22,5,data,0.779578238
10.6084/m9.figshare.5805360,144,0,data,1.012096774
10.6084/m9.figshare.640094,38,5,data,0.783854243
10.6084/m9.figshare.157260,42,5,data,0.782169757
10.6084/m9.figshare.1041514,515,4,data,0.848730753
10.6084/m9.figshare.3398317,30,2,data,0.906190771
10.6084/m9.figshare.97096,14,6,data,0.741190034
10.6084/m9.figshare.1314904,443,3,data,0.863041745
10.6084/m9.figshare.5545639,33,1,data,0.955905858
10.6084/m9.figshare.729086,65,5,data,0.783854243
10.6084/m9.figshare.962952,88,4,data,0.819646535
10.6084/m9.figshare.96388,20,5,data,0.779265549
10.6084/m9.figshare.4110033.v1,51,2,data,0.912294434
10.6084/m9.figshare.5801682.v1,251,0,data,1.025862069
10.6084/m9.figshare.94258,39,6,data,0.741561846
10.6084/m9.figshare.811802,15,5,data,0.781327513
10.6084/m9.figshare.904909,34,4,data,0.832467482
10.6084/m9.figshare.92404,2480,6,data,0.742801222
10.6084/m9.figshare.3178669.v1,1179,2,data,0.913765989
10.6084/m9.figshare.105912,19,5,data,0.782169757
10.6084/m9.figshare.6323240.v1,35,0,data,1.018292683
10.6084/m9.figshare.6384248,16,0,data,1.05
10.6084/m9.figshare.703568,311,5,data,0.785530285
10.6084/m9.figshare.1378610.v12,668,2,data,0.913295873
10.6084/m9.figshare.4640719,117,1,data,0.959654635
10.6084/m9.figshare.5688469,19,1,data,1.138729425
10.6084/m9.figshare.97097,19,6,data,0.741190034
10.6084/m9.figshare.4640722,117,1,data,0.959654635
10.6084/m9.figshare.5816586.v1,126,0,data,1.025862069
10.6084/m9.figshare.1447202,473,3,data,0.881716855
10.6084/m9.figshare.1508606.v3,755,3,data,0.873395659
10.6084/m9.figshare.156048,41,5,data,0.788907704
10.6084/m9.figshare.4667959.v1,12,1,data,0.969979425
10.6084/m9.figshare.5319250.v1,25,1,data,0.964367976
10.6084/m9.figshare.841658,55,5,data,0.78048527
10.6084/m9.figshare.92338,1195,6,data,0.742801222
10.6084/m9.figshare.c.3980448,36,2,data,0.930699487
10.6084/m9.figshare.156237,33,5,data,0.793961164
10.6084/m9.figshare.807690,93,5,data,0.783854243
10.6084/m9.figshare.1122524.v1,506,4,data,0.842924301
10.6084/m9.figshare.818974,517,5,data,0.788907704
10.6084/m9.figshare.4114041.v1,67,2,data,0.91125392
10.6084/m9.figshare.5498080.v1,8,1,data,0.956435266
10.6084/m9.figshare.5562058.v3,49,0,data,1.036585366
10.6084/m9.figshare.157261,21,5,data,0.782169757
10.6084/m9.figshare.5663362.v2,5,1,data,0.965652501
10.6084/m9.figshare.1120486,192,4,data,0.822634655
10.6084/m9.figshare.1189330,504,4,data,0.920232216
10.6084/m9.figshare.97095,24,6,data,0.741190034
10.6084/m9.figshare.1402186,297,3,data,0.862782438
10.6084/m9.figshare.155786,25,5,data,0.781327513
10.6084/m9.figshare.3408580.v3,26,2,data,0.909360526
10.6084/m9.figshare.6295061.v1,3,0,data,1.01744186
10.6084/m9.figshare.92584,1261,6,data,0.741437909
10.6084/m9.figshare.c.2861821.v6,4,2,data,0.909017866
10.6084/m9.figshare.1305770.v22,23174,1,data,0.988729425
10.6084/m9.figshare.2816284.v1,20,2,data,0.907822755
10.6084/m9.figshare.1030416,350,4,data,0.821842445
10.6084/m9.figshare.6632942,18,0,data,1.016304348
10.6084/m9.figshare.4688752.v1,109,1,data,0.998104425
10.6084/m9.figshare.5640931,19,1,data,0.972657996
10.6084/m9.figshare.988754,483,3,data,0.869166432
10.6084/m9.figshare.785731.v1,308,5,data,0.783414486
10.6084/m9.figshare.834938,69,5,data,0.783854243
10.6084/m9.figshare.92401,132,6,data,0.742801222
10.6084/m9.figshare.98607,95,5,data,0.78048527
10.6084/m9.figshare.154795,57,5,data,0.783854243
10.6084/m9.figshare.4285250.v1,14,2,data,1.011980275
10.6084/m9.figshare.6468653.v1,15,0,data,1.057692308
10.6084/m9.figshare.775367,68,5,data,0.779362279
10.6084/m9.figshare.157323,23,5,data,0.781327513
10.6084/m9.figshare.2758129.v2,40,2,data,0.937446114
10.6084/m9.figshare.4176573,531,2,data,0.915873801
10.6084/m9.figshare.5285269.v1,128,1,data,0.956435266
10.6084/m9.figshare.5729571,78,0,data,1.015957447
10.6084/m9.figshare.155789,10,5,data,0.781327513
10.6084/m9.figshare.837986,44,5,data,0.783854243
10.6084/m9.figshare.154385,22,5,data,0.788907704
10.6084/m9.figshare.4291589.v1,59,2,data,0.908897477
10.6084/m9.figshare.6131024,6,0,data,1.007281553
10.6084/m9.figshare.677101,32,5,data,0.782169757
10.6084/m9.figshare.1279416,236,4,data,0.830726822
10.6084/m9.figshare.157262,25,5,data,0.782169757
10.6084/m9.figshare.177734,20,5,data,0.781327513
10.6084/m9.figshare.2010396.v1,48,3,data,0.862117719
10.6084/m9.figshare.4903115,4,1,data,0.967896091
10.6084/m9.figshare.106632,27,5,data,0.788907704
10.6084/m9.figshare.650553,112,5,data,0.781327513
10.6084/m9.figshare.106813,18,5,data,0.788907704
10.6084/m9.figshare.681665,725,5,data,0.778800783
10.6084/m9.figshare.1190796,316,4,data,0.820084106
10.6084/m9.figshare.155691,765,5,data,0.788907704
10.6084/m9.figshare.4954478.v1,1947,1,data,0.957645926
10.6084/m9.figshare.103771,12,5,data,0.779578238
10.6084/m9.figshare.4244126.v3,37,2,data,0.933683572
10.6084/m9.figshare.4502732.v3,52,1,data,0.953737693
10.6084/m9.figshare.4806562,31,1,data,0.954400799
10.6084/m9.figshare.5057098.v1,163,1,data,0.959344412
10.6084/m9.figshare.5907055.v1,1,0,data,1.025
10.6084/m9.figshare.4315778,530,2,data,0.924290502
10.6084/m9.figshare.5373163.v2,41,0,data,1.007894737
10.6084/m9.figshare.1372041,424,2,data,1.056909489
10.6084/m9.figshare.103775,12,5,data,0.779578238
10.6084/m9.figshare.3382504.v3,51,2,data,0.9101796
10.6084/m9.figshare.1052996,218,4,data,0.820201789
10.6084/m9.figshare.5172322,412,1,data,0.992896091
10.6084/m9.figshare.5687791.v1,20,1,data,1.138729425
10.6084/m9.figshare.920192,39,4,data,0.832467482
10.6084/m9.figshare.923587,118,4,data,0.819050212
10.6084/m9.figshare.1269193,170,3,data,0.906692907
10.6084/m9.figshare.5687551.v1,60,0,data,1.012931034
10.6084/m9.figshare.4308917,23,1,data,0.956747616
10.6084/m9.figshare.106410,38,5,data,0.781832859
10.6084/m9.figshare.98606,23,5,data,0.78048527
10.6084/m9.figshare.5418694.v1,53,1,data,0.998104425
10.6084/m9.figshare.1608304.v1,37,3,data,0.870201647
10.6084/m9.figshare.4004742,25,2,data,0.91797597
10.6084/m9.figshare.5324431.v1,22,0,data,1.005998034
10.6084/m9.figshare.5501596,18,1,data,0.955986486
10.6084/m9.figshare.1291081,716,3,data,0.923207976
10.6084/m9.figshare.3118936.v1,235,2,data,0.908009339
10.6084/m9.figshare.4341020.v1,29,2,data,0.907197917
10.6084/m9.figshare.4806559,44,1,data,0.954400799
10.6084/m9.figshare.6409235.v1,8,0,data,1.021428571
10.6084/m9.figshare.679765,38,5,data,0.780064148
10.6084/m9.figshare.715841,3394,5,data,0.779711522
10.6084/m9.figshare.155780,18,5,data,0.793961164
10.6084/m9.figshare.157206,33,5,data,0.78048527
10.6084/m9.figshare.705154,17,5,data,0.781327513
10.6084/m9.figshare.714097,20,5,data,0.783854243
10.6084/m9.figshare.762434,34,5,data,0.783854243
10.6084/m9.figshare.96384,60,5,data,0.779265549
10.6084/m9.figshare.5151403.v1,138,1,data,0.976229425
10.6084/m9.figshare.6892952.v1,6,0,data,1.035714286
10.6084/m9.figshare.97092,43,6,data,0.742057597
10.6084/m9.figshare.5607778,5152,1,data,1.008921732
10.6084/m9.figshare.5799336,12,0,data,1.044117647
10.6084/m9.figshare.6137192,29,0,data,1.007281553
10.6084/m9.figshare.96390,23,5,data,0.779265549
10.6084/m9.figshare.1512512,32,3,data,0.863693314
10.6084/m9.figshare.4887020,21,1,data,0.956069943
10.6084/m9.figshare.718155,44,5,data,0.779189511
10.6084/m9.figshare.730446,101,5,data,0.783854243
10.6084/m9.figshare.988754.v4,483,3,data,0.863879897
10.6084/m9.figshare.1213690,599,4,data,0.849201874
10.6084/m9.figshare.1246898,77,4,data,0.821842445
10.6084/m9.figshare.879661,210,5,data,0.783854243
10.6084/m9.figshare.881820,20,4,data,0.823784213
10.6084/m9.figshare.978686,207,4,data,0.818952313
10.6084/m9.figshare.1273869,20,4,data,0.822879675
10.6084/m9.figshare.4596100,42,1,data,0.985718122
10.6084/m9.figshare.104583,14,5,data,0.780064148
10.6084/m9.figshare.105158,40,5,data,0.782518911
10.6084/m9.figshare.c.2861359.v1,4,2,data,0.906120718
10.6084/m9.figshare.4640725,114,1,data,0.959654635
10.6084/m9.figshare.5593999,61,1,data,0.958304029
10.6084/m9.figshare.5918701.v1,7,0,data,1.044117647
10.6084/m9.figshare.5923300,35,0,data,1.025793651
10.6084/m9.figshare.97213,373,6,data,0.742677285
10.6084/m9.figshare.103777,86,5,data,0.779578238
10.6084/m9.figshare.4640707,120,1,data,0.955474187
10.6084/m9.figshare.6789914,2,0,data,1.057692308
10.6084/m9.figshare.749728,257,5,data,0.778921104
10.6084/m9.figshare.97229,17,5,data,0.783854243
10.6084/m9.figshare.154970,100,5,data,0.783854243
10.6084/m9.figshare.3180166.v1,367,2,data,0.908009339
10.6084/m9.figshare.3187063.v1,132,2,data,0.911604182
10.6084/m9.figshare.1588581.v1,49,3,data,0.86282259
10.6084/m9.figshare.3427271.v1,338,1,data,0.955458652
10.6084/m9.figshare.3443876.v3,734,0,data,1.013888889
10.6084/m9.figshare.894979,45,4,data,0.832467482
10.6084/m9.figshare.96318,8,5,data,0.780064148
10.6084/m9.figshare.1401984,152,3,data,0.94404131
10.6084/m9.figshare.1471658.v1,560,3,data,0.865634933
10.6084/m9.figshare.154971,57,5,data,0.783854243
10.6084/m9.figshare.3405685,336,2,data,0.917525101
10.6084/m9.figshare.3510288,11,2,data,0.905822869
10.6084/m9.figshare.4258331.v1,21,2,data,0.911604182
10.6084/m9.figshare.105910,37,5,data,0.782169757
10.6084/m9.figshare.812579,21,5,data,0.783854243
10.6084/m9.figshare.1431294,207,3,data,0.886570045
10.6084/m9.figshare.153796,13,5,data,0.783854243
10.6084/m9.figshare.5687770,24,0,data,1.022727273
10.6084/m9.figshare.777781,19,5,data,0.802644433
10.6084/m9.figshare.900915,28,4,data,0.832467482
10.6084/m9.figshare.938214,207,3,data,0.866050159
10.6084/m9.figshare.1299540.v8,2407,0,data,1.021223814
10.6084/m9.figshare.1619902.v2,1939,2,data,0.917549282
10.6084/m9.figshare.718147,170,5,data,0.779189511
10.6084/m9.figshare.1157786,535,4,data,0.820508863
10.6084/m9.figshare.155305,22,5,data,0.783854243
10.6084/m9.figshare.3398062.v1,87,2,data,0.908596731
10.6084/m9.figshare.640022,46,5,data,0.781327513
10.6084/m9.figshare.715890,2909,5,data,0.779711522
10.6084/m9.figshare.783889,74,5,data,0.783854243
10.6084/m9.figshare.93272,316,6,data,0.742057597
10.6084/m9.figshare.646164,153,5,data,0.780064148
10.6084/m9.figshare.844630,62,5,data,0.797590972
10.6084/m9.figshare.928540,37,4,data,0.832467482
10.6084/m9.figshare.106270,21,5,data,0.781889009
10.6084/m9.figshare.177736,12,5,data,0.781327513
10.6084/m9.figshare.3398266.v1,2,2,data,0.919191042
10.6084/m9.figshare.1577668.v1,326,3,data,0.864245279
10.6084/m9.figshare.4787575.v1,95,1,data,0.952697029
10.6084/m9.figshare.5264119,133,1,data,0.95889358
10.6084/m9.figshare.5400796,31,1,data,0.956435266
10.6084/m9.figshare.904908,20,4,data,0.832467482
10.6084/m9.figshare.1202194,15,2,data,0.910808092
10.6084/m9.figshare.1320591,15514,3,data,0.864208027
10.6084/m9.figshare.3438392.v1,15,2,data,0.910143372
10.6084/m9.figshare.3438743.v1,43,2,data,0.909250525
10.6084/m9.figshare.4659169.v1,26,1,data,1.11217668
10.6084/m9.figshare.6226721,17,0,data,1.1875
10.6084/m9.figshare.654019,75,5,data,0.783854243
10.6084/m9.figshare.95925,55,6,data,0.742589996
10.6084/m9.figshare.1286826,6325,3,data,1.610707976
10.6084/m9.figshare.1305596.v5,423,3,data,0.863879897
10.6084/m9.figshare.2058642.v1,15,3,data,0.879457976
10.6084/m9.figshare.4906367.v1,19,1,data,0.965118313
10.6084/m9.figshare.5483464,41,0,data,1.025793651
10.6084/m9.figshare.5900911.v1,18,0,data,1.075
10.6084/m9.figshare.6179231.v1,13,0,data,1.028846154
10.6084/m9.figshare.670617,136,5,data,0.781327513
10.6084/m9.figshare.6133121,6,0,data,1.007281553
10.6084/m9.figshare.6369134,10,0,data,1.022727273
10.6084/m9.figshare.678215,19,5,data,0.782169757
10.6084/m9.figshare.1180122,687,3,data,0.872561004
10.6084/m9.figshare.3114310,111,2,data,0.910707835
10.6084/m9.figshare.3397603.v3,1231,1,data,0.977091493
10.6084/m9.figshare.5339497,132,1,data,0.997214355
10.6084/m9.figshare.106413,132,5,data,0.781832859
10.6084/m9.figshare.877018,44,5,data,0.783854243
10.6084/m9.figshare.880756.v5,935,4,data,0.821806555
10.6084/m9.figshare.98108,11,6,data,0.744536349
10.6084/m9.figshare.4765477.v1,363,1,data,0.969623397
10.6084/m9.figshare.732739,335,5,data,0.788907704
10.6084/m9.figshare.962956,143,4,data,0.819525228
10.6084/m9.figshare.4552822.v1,11,1,data,0.955905858
10.6084/m9.figshare.4928696,97,1,data,0.95401639
10.6084/m9.figshare.5151466.v1,131,1,data,0.976229425
10.6084/m9.figshare.775365,59,5,data,0.779362279
10.6084/m9.figshare.5621260.v1,738,0,data,1.1875
10.6084/m9.figshare.6226964.v2,79,0,data,1.1875
10.6084/m9.figshare.723321,27,5,data,0.783854243
10.6084/m9.figshare.155795,51,5,data,0.786380973
10.6084/m9.figshare.4564831.v1,19,1,data,0.964367976
10.6084/m9.figshare.4787872,13,0,data,1.004118053
10.6084/m9.figshare.656876,49,5,data,0.780064148
10.6084/m9.figshare.670621,19,5,data,0.781327513
10.6084/m9.figshare.94257,192,6,data,0.741561846
10.6084/m9.figshare.1153934,36,3,data,0.862117719
10.6084/m9.figshare.902838,52,4,data,0.832467482
10.6084/m9.figshare.96908,390,6,data,0.744536349
10.6084/m9.figshare.1297064.v1,242,3,data,0.86482603
10.6084/m9.figshare.177719,88,5,data,0.781327513
10.6084/m9.figshare.104578,26,5,data,0.780695831
10.6084/m9.figshare.4468610.v1,31,2,data,0.912952406
10.6084/m9.figshare.4595284,62,1,data,0.965024904
10.6084/m9.figshare.5112991,130,1,data,0.958127164
10.6084/m9.figshare.5774244,24,0,data,1.044117647
10.6084/m9.figshare.6326723,7,0,data,1.0625
10.6084/m9.figshare.678214,20,5,data,0.782169757
10.6084/m9.figshare.688001,1360,5,data,0.856771242
10.6084/m9.figshare.812563,26,5,data,0.783854243
10.6084/m9.figshare.97385,26,6,data,0.741561846
10.6084/m9.figshare.156849,15,5,data,0.783854243
10.6084/m9.figshare.3409927.v1,6,2,data,0.90791322
10.6084/m9.figshare.5712016,6,0,data,1.00974026
10.6084/m9.figshare.786497,341,5,data,0.788907704
10.6084/m9.figshare.5815887.v1,161,0,data,1.025862069
10.6084/m9.figshare.5947855,5,0,data,1.044117647
10.6084/m9.figshare.677102,15,5,data,0.782169757
10.6084/m9.figshare.731681,25,5,data,0.788907704
10.6084/m9.figshare.1461581,206,3,data,0.872204209
10.6084/m9.figshare.3180166.http://doi.org/10.6084/m9.figshare.3180166.rieckkhaslingerdmeischke-ilicskirindi-hentschelÃ¼recklingf2016austrianfund(fwf)2015,367,2,data,0.904837418
10.6084/m9.figshare.33627,31,7,data,0.706802704
10.6084/m9.figshare.5663455,37,0,data,1.008823529
10.6084/m9.figshare.6327221,9,0,data,1.0625
10.6084/m9.figshare.829534,50,5,data,0.783854243
10.6084/m9.figshare.1517750,195,2,data,0.907043972
10.6084/m9.figshare.4674922.v1,107,1,data,0.970460194
10.6084/m9.figshare.4753687.v1,14,1,data,0.954812666
10.6084/m9.figshare.5868528,12,0,data,1.012295082
10.6084/m9.figshare.5969104.v1,25,0,data,1.017045455
10.6084/m9.figshare.6470705.v1,18,0,data,1.057692308
10.6084/m9.figshare.6789911,51,0,data,1.057692308
10.6084/m9.figshare.94032,133,5,data,0.783854243
10.6084/m9.figshare.154680,16,5,data,0.780244629
10.6084/m9.figshare.5640937,16,1,data,0.972657996
10.6084/m9.figshare.1466876.v8,95,2,data,0.996807278
10.6084/m9.figshare.3085837.v1,338,2,data,0.906120718
10.6084/m9.figshare.106265,22,5,data,0.781889009
10.6084/m9.figshare.157059,19,5,data,0.782590878
10.6084/m9.figshare.5562058.v2,49,0,data,1.006729502
10.6084/m9.figshare.903706,136,4,data,0.832467482
10.6084/m9.figshare.1425030,440,3,data,0.888485754
10.6084/m9.figshare.1452900,18,3,data,0.861399463
10.6084/m9.figshare.1522435.v2,136,3,data,0.876036286
10.6084/m9.figshare.154682,14,5,data,0.780244629
10.6084/m9.figshare.1619669,20,2,data,0.906501376
10.6084/m9.figshare.177727,33,5,data,0.781327513
10.6084/m9.figshare.5640796,15,1,data,0.972657996
10.6084/m9.figshare.640097,25,5,data,0.780064148
10.6084/m9.figshare.1491375,1486,3,data,0.88955413
10.6084/m9.figshare.1566809,315,3,data,0.862098407
10.6084/m9.figshare.1613874,11,3,data,0.894541797
10.6084/m9.figshare.4640728,118,1,data,0.959654635
10.6084/m9.figshare.815938,17,5,data,0.780064148
10.6084/m9.figshare.947740,266,4,data,0.819525228
10.6084/m9.figshare.1252208,29,4,data,0.820228293
10.6084/m9.figshare.3545033.v1,24,2,data,0.951712418
10.6084/m9.figshare.3978216.v1,27,2,data,0.938671239
10.6084/m9.figshare.5024606,19,1,data,0.959112555
10.6084/m9.figshare.5936479,34,0,data,1.007281553
10.6084/m9.figshare.640096,31,5,data,0.780064148
10.6084/m9.figshare.868961,96,1,data,0.952374152
10.6084/m9.figshare.1284624,470,3,data,0.87485892
10.6084/m9.figshare.1486354,70,3,data,0.861137175
10.6084/m9.figshare.4802320.v2,38,1,data,0.956245962
10.6084/m9.figshare.5328442,135,1,data,0.982479425
10.6084/m9.figshare.106729,240,5,data,0.780244629
10.6084/m9.figshare.863785,34,5,data,0.783854243
10.6084/m9.figshare.1603445,37,3,data,0.861717174
10.6084/m9.figshare.4811404,25,1,data,1.008921732
10.6084/m9.figshare.5799342,0,0,data,1.044117647
10.6084/m9.figshare.827254,46,5,data,0.783854243
10.6084/m9.figshare.92091,371,6,data,0.740917308
10.6084/m9.figshare.1159108,145,2,data,0.906247161
10.6084/m9.figshare.3171442.v1,19,2,data,0.908565926
10.6084/m9.figshare.5561968.v2,39,0,data,1.036585366
10.6084/m9.figshare.97467,27,6,data,0.742057597
10.6084/m9.figshare.1430094,109,3,data,0.87066539
10.6084/m9.figshare.4040700.v1,71,2,data,0.908009339
10.6084/m9.figshare.5853777,18,0,data,1.007978723
10.6084/m9.figshare.5873142,179,0,data,1.016304348
10.6084/m9.figshare.646162,30,5,data,0.780064148
10.6084/m9.figshare.811811,27,5,data,0.783854243
10.6084/m9.figshare.92820,376,5,data,0.779420471
10.6084/m9.figshare.5501593.v1,4,1,data,0.955608942
10.6084/m9.figshare.5552656,129,0,data,1.0625
10.6084/m9.figshare.701173,50,5,data,0.783854243
10.6084/m9.figshare.1141971,20,2,data,0.90791322
10.6084/m9.figshare.94250,324,6,data,0.765818221
10.6084/m9.figshare.96406,142,5,data,0.780064148
10.6084/m9.figshare.98605,47,5,data,0.78048527
10.6084/m9.figshare.103776,36,5,data,0.779578238
10.6084/m9.figshare.384512,17,5,data,0.781327513
10.6084/m9.figshare.4257596,27,2,data,0.960019334
10.6084/m9.figshare.5231245.v1,396,1,data,0.965118313
10.6084/m9.figshare.5382565.v1,125,1,data,1.025133777
10.6084/m9.figshare.5853420.v3,10,0,data,1.01875
10.6084/m9.figshare.6803276,110,0,data,1.01056338
10.6084/m9.figshare.1036551,246,4,data,0.818942087
10.6084/m9.figshare.156848,43,5,data,0.788907704
10.6084/m9.figshare.4311884,64,2,data,0.936087418
10.6084/m9.figshare.5481565.v2,16,1,data,0.956435266
10.6084/m9.figshare.785738.v1,479,5,data,0.789019656
10.6084/m9.figshare.1305115,79,3,data,0.861690616
10.6084/m9.figshare.104577,22,5,data,0.780695831
10.6084/m9.figshare.4806619,278,1,data,0.961641107
10.6084/m9.figshare.5620408,19,1,data,0.961841331
10.6084/m9.figshare.6340991,81,0,data,1.025
10.6084/m9.figshare.813321,166,5,data,0.783854243
10.6084/m9.figshare.1462655,142,3,data,0.861519988
10.6084/m9.figshare.154796,88,5,data,0.783854243
10.6084/m9.figshare.3483146.v1,42,2,data,0.911181259
10.6084/m9.figshare.384520,39,5,data,0.781327513
10.6084/m9.figshare.5633335,22,0,data,1.01056338
10.6084/m9.figshare.813320,69,5,data,0.793961164
10.6084/m9.figshare.97098,13,6,data,0.741190034
10.6084/m9.figshare.1400482,259,3,data,0.876036286
10.6084/m9.figshare.4542433.v6,456,1,data,0.965118313
10.6084/m9.figshare.5732463.v2,16,1,data,0.962767886
10.6084/m9.figshare.841666,91,5,data,0.78048527
10.6084/m9.figshare.845664,206,5,data,0.779309551
10.6084/m9.figshare.1186832.v23,2205,3,data,0.874596865
10.6084/m9.figshare.c.3966027,3,2,data,0.948955065
10.6084/m9.figshare.1008029,2892,4,data,0.828598951
10.6084/m9.figshare.1455949,362,3,data,0.864937204
10.6084/m9.figshare.4003401,260,2,data,0.907508509
10.6084/m9.figshare.4753681,19,1,data,0.954812666
10.6084/m9.figshare.828487,89,5,data,0.966300783
10.6084/m9.figshare.97068,33,6,data,0.742057597
10.6084/m9.figshare.1282484,187,4,data,0.827631062
10.6084/m9.figshare.1604778.v1,509,2,data,0.925670751
10.6084/m9.figshare.3406876,42,2,data,0.910707835
10.6084/m9.figshare.5808375,16,0,data,1.044117647
10.6084/m9.figshare.641445,13,5,data,0.783854243
10.6084/m9.figshare.811803,25,5,data,0.781327513
10.6084/m9.figshare.103772,26,5,data,0.779578238
10.6084/m9.figshare.5820753,0,0,data,1.044117647
10.6084/m9.figshare.6073886.v1,15,0,data,1.051724138
10.6084/m9.figshare.677103,17,5,data,0.782169757
10.6084/m9.figshare.3545363,76,2,data,0.955588149
10.6084/m9.figshare.4072821,41,2,data,0.907822755
10.6084/m9.figshare.5808780,10,0,data,1.012096774
10.6084/m9.figshare.878459,367,5,data,0.778997022
10.6084/m9.figshare.4291583.v1,50,2,data,0.908897477
10.6084/m9.figshare.5311198.v1,26,1,data,0.959124161
10.6084/m9.figshare.5406049.v1,2,1,data,0.965652501
10.6084/m9.figshare.678213,29,5,data,0.782169757
10.6084/m9.figshare.806234,74,5,data,0.788195878
10.6084/m9.figshare.94031,129,5,data,0.783854243
10.6084/m9.figshare.1425362.v7,3276,3,data,0.862137574
10.6084/m9.figshare.5640868,17,1,data,0.972657996
10.6084/m9.figshare.5896615,46,0,data,1.12456748
10.6084/m9.figshare.5928604.v1,7,0,data,1.028846154
10.6084/m9.figshare.6613289,0,0,data,1.01875
10.6084/m9.figshare.4530893.v4,1127,1,data,0.96209899
10.6084/m9.figshare.5357359.v1,10,0,data,1.018292683
10.6084/m9.figshare.773061,42,5,data,0.788907704
10.6084/m9.figshare.805146.v15,1145,4,data,0.834059063
10.6084/m9.figshare.106411,106,5,data,0.781832859
10.6084/m9.figshare.6020078,79,0,data,1.044117647
10.6084/m9.figshare.136747010.6084/m9.figshare.1367470,50,3,data,0.872204209
10.6084/m9.figshare.5498071.v2,13,1,data,0.956435266
10.6084/m9.figshare.695021,158,5,data,0.781327513
10.6084/m9.figshare.811808,84,5,data,0.781327513
10.6084/m9.figshare.156844,28,5,data,0.783854243
10.6084/m9.figshare.3442985,102,2,data,0.906247161
10.6084/m9.figshare.104581,19,5,data,0.780695831
10.6084/m9.figshare.4781224.v3,42,1,data,0.951229425
10.6084/m9.figshare.4822942.v2,46,1,data,0.990703109
10.6084/m9.figshare.5633638.v1,121,1,data,0.958490203
10.6084/m9.figshare.791560,317,5,data,0.82291843
10.6084/m9.figshare.805214,615,5,data,0.790796852
10.6084/m9.figshare.103706,27,5,data,0.779643026
10.6084/m9.figshare.4688512,53,1,data,0.956639416
10.6084/m9.figshare.4954643.v2,20,1,data,1.043199285
10.6084/m9.figshare.104582,21,5,data,0.780695831
10.6084/m9.figshare.5799339,10,0,data,1.044117647
10.6084/m9.figshare.5853750.v1,5,0,data,1.017045455
10.6084/m9.figshare.6126641.v1,87,0,data,1.017857143
10.6084/m9.figshare.1512323.v1,65,3,data,0.911458708
10.6084/m9.figshare.4635310,0,1,data,0.95517099
10.6084/m9.figshare.4688911,380,1,data,0.982479425
10.6084/m9.figshare.5812713.v1,148,0,data,1.025862069
10.6084/m9.figshare.6852896,8,0,data,1.007142857
10.6084/m9.figshare.5117260.v1,226,1,data,0.952673977
10.6084/m9.figshare.106266,20,5,data,0.781889009
10.6084/m9.figshare.2656255,277,2,data,0.91024741
10.6084/m9.figshare.679769,34,5,data,0.780064148
10.6084/m9.figshare.3203809.v1,290,2,data,0.946504085
10.6084/m9.figshare.4769746.v1,214,1,data,0.990645079
10.6084/m9.figshare.97100,35,6,data,0.741190034
10.6084/m9.figshare.157208,28,5,data,0.78048527
10.6084/m9.figshare.2067537,39,2,data,0.904837418
10.6084/m9.figshare.4563574.v2,221,1,data,0.952745411
10.6084/m9.figshare.1521157,245,2,data,0.911912023
10.6084/m9.figshare.5900236.v1,4,0,data,1.024193548
10.6084/m9.figshare.724793,90,5,data,0.788907704
10.6084/m9.figshare.97102,38,6,data,0.741190034
10.6084/m9.figshare.154683,19,5,data,0.780244629
10.6084/m9.figshare.3756600,128,2,data,0.921754328
10.6084/m9.figshare.6137198,23,0,data,1.007281553
10.6084/m9.figshare.106725,32,5,data,0.780244629
10.6084/m9.figshare.988687,1525,4,data,0.82126829
10.6084/m9.figshare.157211,21,5,data,0.78048527
10.6084/m9.figshare.1601897,61,3,data,0.8666969
10.6084/m9.figshare.384509,13,5,data,0.781327513
10.6084/m9.figshare.106727,131,5,data,0.780244629
10.6084/m9.figshare.775366,65,5,data,0.779362279
10.6084/m9.figshare.3120697,51,2,data,0.90846247
10.6084/m9.figshare.4206429,33,2,data,0.906398979
10.6084/m9.figshare.5561983,53,1,data,0.959124161
10.6084/m9.figshare.5914279.v2,175,0,data,1.026785714
10.6084/m9.figshare.790754,457,5,data,0.782560096
10.6084/m9.figshare.1314904.v1,443,3,data,0.896490577
10.6084/m9.figshare.1015774.v1,22,4,data,0.82061041
10.6084/m9.figshare.640095,739,5,data,0.780064148
10.6084/m9.figshare.2067036.v3,175,2,data,0.90874132
10.6084/m9.figshare.1048991.v3,1415,4,data,0.839954567
10.6084/m9.figshare.5024507.v1,48,1,data,0.955347478
10.6084/m9.figshare.6789917,4,0,data,1.057692308
10.6084/m9.figshare.761185,44,5,data,0.781327513
10.6084/m9.figshare.831467,15,5,data,0.783854243
10.6084/m9.figshare.93270,166,6,data,0.742057597
10.6084/m9.figshare.96380,12,6,data,0.748254477
10.6084/m9.figshare.156843,15,5,data,0.783854243
10.6084/m9.figshare.3856134,167,2,data,0.988170751
10.6084/m9.figshare.4884878.v1,2882,1,data,0.953687526
10.6084/m9.figshare.5620651,3,0,data,1.0625
10.6084/m9.figshare.815939,15,5,data,0.780064148
10.6084/m9.figshare.95928,5981,6,data,0.742589996
10.6084/m9.figshare.4788850,83,1,data,1.044979425
10.6084/m9.figshare.106724,156,5,data,0.780244629
10.6084/m9.figshare.6849011.v1,7,0,data,1.012931034
10.6084/m9.figshare.726964,19,5,data,0.788907704
10.6084/m9.figshare.811807,25,5,data,0.781327513
10.6084/m9.figshare.96382,46,6,data,0.744536349
10.6084/m9.figshare.103745,26,6,data,0.744536349
10.6084/m9.figshare.4258352.v1,2,2,data,0.911604182
10.6084/m9.figshare.5414350,30,1,data,0.956069943
10.6084/m9.figshare.6241829.v1,13,0,data,1.044117647
10.6084/m9.figshare.6384164,4,0,data,1.083333333
10.6084/m9.figshare.705863,1245,5,data,0.779711522
10.6084/m9.figshare.4954436.v1,1451,1,data,0.957645926
10.6084/m9.figshare.5815959.v1,106,0,data,1.025862069
10.6084/m9.figshare.679767,43,5,data,0.780064148
10.6084/m9.figshare.1159099.v2,626,4,data,0.858146407
10.6084/m9.figshare.924740,96,3,data,0.86155662
10.6084/m9.figshare.4214274.v1,125,2,data,0.925107688
10.6084/m9.figshare.5640934,16,1,data,0.972657996
10.6084/m9.figshare.709569,28,5,data,0.788907704
10.6084/m9.figshare.729084,54,5,data,0.783854243
10.6084/m9.figshare.798826,12,5,data,0.788907704
10.6084/m9.figshare.96145,408,6,data,0.757122569
10.6084/m9.figshare.96386,50,5,data,0.779265549
10.6084/m9.figshare.97231,54,5,data,0.783854243
10.6084/m9.figshare.1286826.v1,6325,3,data,0.904825623
10.6084/m9.figshare.1320686,138,3,data,0.864102549
10.6084/m9.figshare.157057,24,5,data,0.782590878
10.6084/m9.figshare.4772131.v1,13,1,data,0.990645079
10.6084/m9.figshare.97091,62,6,data,0.742057597
10.6084/m9.figshare.5923915.v1,1,0,data,1.025
10.6084/m9.figshare.6790640,17,0,data,1.01744186
10.6084/m9.figshare.103765,24,5,data,0.779578238
10.6084/m9.figshare.2062140,83,2,data,0.908416498
10.6084/m9.figshare.5234803.v1,21,1,data,0.960743548
10.6084/m9.figshare.6099572.v1,1,0,data,1.0078125
10.6084/m9.figshare.674588,76,5,data,0.785217285
10.6084/m9.figshare.687063,29,5,data,0.783854243
10.6084/m9.figshare.856670,600,4,data,0.824369723
10.6084/m9.figshare.1482094.v1,1326,3,data,0.904825623
10.6084/m9.figshare.154973,187,5,data,0.788907704
10.6084/m9.figshare.3103054,66,2,data,0.906120718
10.6084/m9.figshare.103766,21,5,data,0.779578238
10.6084/m9.figshare.154684,83,5,data,0.780244629
10.6084/m9.figshare.103773,93,5,data,0.779578238
10.6084/m9.figshare.902837,11,4,data,0.832467482
10.6084/m9.figshare.99876,28,5,data,0.780659847
10.6084/m9.figshare.3120676,59,2,data,0.90846247
10.6084/m9.figshare.5607778.v1,5152,1,data,1.044979425
10.6084/m9.figshare.646165,24,5,data,0.780064148
10.6084/m9.figshare.106728,115,5,data,0.780244629
10.6084/m9.figshare.656872,43,5,data,0.780064148
10.6084/m9.figshare.92682,454,6,data,0.742069591
10.6084/m9.figshare.153795,11,5,data,0.783854243
10.6084/m9.figshare.788960,18,4,data,0.823784213
10.6084/m9.figshare.808586,67,5,data,0.788195878
10.6084/m9.figshare.1194967.v7,1210,3,data,0.876036286
10.6084/m9.figshare.1226921,15,4,data,0.819005488
10.6084/m9.figshare.1408851,246,3,data,0.891957976
10.6084/m9.figshare.5394313,175,1,data,0.951229425
10.6084/m9.figshare.5918707.v1,1,0,data,1.03125
10.6084/m9.figshare.1092508,1291,0,data,1.053310888
10.6084/m9.figshare.1100493.v3,214,4,data,0.827351443
10.6084/m9.figshare.805195,10,5,data,0.783854243
10.6084/m9.figshare.1500901.v1,41,3,data,0.879101948
10.6084/m9.figshare.4753684.v1,4,1,data,0.954812666
10.6084/m9.figshare.640021,85,5,data,0.781327513
10.6084/m9.figshare.6768449,53,0,data,1.057692308
10.6084/m9.figshare.785757,13,5,data,0.783854243
10.6084/m9.figshare.96383,31,5,data,0.779265549
10.6084/m9.figshare.97468,29,6,data,0.742057597
10.6084/m9.figshare.1461721,230,3,data,1.136617557
10.6084/m9.figshare.4524536.v3,315,1,data,0.956435266
10.6084/m9.figshare.5498197.v1,4,1,data,0.956435266
10.6084/m9.figshare.656793,164,5,data,0.783854243
10.6084/m9.figshare.4038048,85,2,data,0.90874132
10.6084/m9.figshare.4595326.v2,36,1,data,0.958490203
10.6084/m9.figshare.5498116.v1,5,1,data,0.956435266
10.6084/m9.figshare.97571,18,6,data,0.742057597
10.6084/m9.figshare.4490582.v1,44,2,data,0.944311102
10.6084/m9.figshare.6004679,4,0,data,1.024193548
10.6084/m9.figshare.821273,40,5,data,0.783854243
10.6084/m9.figshare.847287,53,5,data,0.781327513
10.6084/m9.figshare.3115156.v2,635,2,data,1.131891736
10.6084/m9.figshare.5562007,58,1,data,0.959124161
10.6084/m9.figshare.1373854.v1,583,3,data,0.915889893
10.6084/m9.figshare.4595416.v2,44,1,data,0.951229425
10.6084/m9.figshare.5907349.v1,5,0,data,1.024193548
10.6084/m9.figshare.4644466,46,1,data,0.990703109
10.6084/m9.figshare.5687548.v2,26,0,data,1.0375
10.6084/m9.figshare.6137270,10,0,data,1.007281553
10.6084/m9.figshare.670623,22,5,data,0.781327513
10.6084/m9.figshare.1112485,413,4,data,0.823344456
10.6084/m9.figshare.c.2861821,4,2,data,0.90959448
10.6084/m9.figshare.155693,91,5,data,0.783854243
10.6084/m9.figshare.1015289.v1,1045,4,data,0.826187769
10.6084/m9.figshare.3363970.v1,36,1,data,1.089184215
10.6084/m9.figshare.4258328.v1,6,2,data,0.911604182
10.6084/m9.figshare.5336560,9,1,data,0.95447542
10.6084/m9.figshare.2441878.v1,1788,2,data,0.938971867
10.6084/m9.figshare.4614973.v1,45,1,data,0.956156381
10.6084/m9.figshare.801049,38,5,data,0.783854243
10.6084/m9.figshare.895737,29,4,data,0.832467482
10.6084/m9.figshare.155304,38,5,data,0.783854243
10.6084/m9.figshare.384505,23,5,data,0.781327513
10.6084/m9.figshare.5147773.v1,66,1,data,0.982479425
10.6084/m9.figshare.5936482,6,0,data,1.007281553
10.6084/m9.figshare.6477494,5,0,data,1.006521739
10.6084/m9.figshare.656874,64,5,data,0.780064148
10.6084/m9.figshare.92819,116,6,data,0.741437909
10.6084/m9.figshare.157246,82,5,data,0.788907704
10.6084/m9.figshare.4072701,71,2,data,0.916345601
10.6084/m9.figshare.427708,40,5,data,0.788907704
10.6084/m9.figshare.5593984,55,1,data,0.958304029
10.6084/m9.figshare.5877757.v1,73,0,data,1.041666667
10.6084/m9.figshare.679764,28,5,data,0.780064148
10.6084/m9.figshare.1146256,237,4,data,0.822125326
10.6084/m9.figshare.870449,59,5,data,0.781327513
10.6084/m9.figshare.877037,21,5,data,0.783854243
10.6084/m9.figshare.3497705,83,2,data,0.906717075
10.6084/m9.figshare.6179084.v1,23,0,data,1.046875
10.6084/m9.figshare.687996,20,5,data,0.783854243
10.6084/m9.figshare.703572,33,5,data,0.783854243
10.6084/m9.figshare.92757,361,6,data,0.741437909
10.6084/m9.figshare.5687773,19,0,data,1.022727273
10.6084/m9.figshare.95929,2951,6,data,0.742589996
10.6084/m9.figshare.1439333,253,3,data,0.861618715
10.6084/m9.figshare.4204845.v1,49,2,data,0.912098196
10.6084/m9.figshare.106267,20,5,data,0.781889009
10.6084/m9.figshare.97389,32,6,data,0.741561846
10.6084/m9.figshare.c.3966030,2,2,data,0.948955065
10.6084/m9.figshare.4210254.v1,112,2,data,0.930699487
10.6084/m9.figshare.105911,25,5,data,0.782169757
10.6084/m9.figshare.5782815.v1,193,0,data,1.025862069
10.6084/m9.figshare.5812743.v2,130,0,data,1.025862069
10.6084/m9.figshare.106412,73,5,data,0.781832859
10.6084/m9.figshare.94044,55,6,data,0.743296973
10.6084/m9.figshare.c.3980439,32,2,data,0.930699487
10.6084/m9.figshare.157058,21,5,data,0.782590878
10.6084/m9.figshare.5648233,582,1,data,0.990703109
10.6084/m9.figshare.5896627.v1,6,0,data,1.024193548
10.6084/m9.figshare.880756,935,4,data,0.831869305
10.6084/m9.figshare.96320,31,6,data,0.744536349
10.6084/m9.figshare.97387,55,6,data,0.741561846
10.6084/m9.figshare.99759,112,5,data,0.782518911
10.6084/m9.figshare.1305840,30,3,data,0.863124678
10.6084/m9.figshare.97066,27,6,data,0.744536349
10.6084/m9.figshare.5160997.v1,66,1,data,0.954437675
10.6084/m9.figshare.679831,13,5,data,0.780064148
