doi,type_code,downloads,views,age,i,citation,datarank_value
10.6084/m9.figshare.106269,3,20,376,6.0,1717986918452,4,0.9433410893062509
10.6084/m9.figshare.3405685,4,336,504,3.0,1717986918688,1,1.0020006094216107
10.6084/m9.figshare.384505,3,23,421,6.0,1717986918711,2,0.9457843950155186
10.6084/m9.figshare.5815959.v1,2,106,107,1.0,1717986918957,1,1.0025314576460562
10.6084/m9.figshare.646166,3,19,206,6.0,1717986919052,1,0.9441193481520818
10.6084/m9.figshare.1373854.v1,6,583,304,4.0,1717986918529,1,0.9865031429672796
10.6084/m9.figshare.157209,3,30,422,6.0,1717986918623,2,0.943555566305821
10.6084/m9.figshare.4587061.v1,2,50,259,2.0,1717986918765,1,0.9831228252202889
10.6084/m9.figshare.4928684,4,101,509,2.0,1717986918815,1,0.9816008046239261
10.6084/m9.figshare.5743314,2,5,22,1.0,1717986918939,1,1.0003288181348409
10.6084/m9.figshare.6179084.v1,7,23,79,1.0,1717986919011,1,1.0118926755687225
10.6084/m9.figshare.1285615,4,2665,2981,4.0,1717986918507,1,0.9616333906681659
10.6084/m9.figshare.5981551,3,3,30,1.0,1717986918997,1,1.004029252513683
10.6084/m9.figshare.638007,3,43,383,6.0,1717986919029,1,0.9434639070780841
10.6084/m9.figshare.679840,3,31,194,6.0,1717986919100,1,0.9441193481520818
10.6084/m9.figshare.811811,3,27,541,6.0,1717986919177,1,0.9441193481520818
10.6084/m9.figshare.106725,4,32,321,6.0,1717986918463,2,0.9424373377464867
10.6084/m9.figshare.1305770.v22,3,23174,25590,2.0,1717986918518,1,0.9976729467623988
10.6084/m9.figshare.3190159.v1,6,18,126,3.0,1717986918672,1,0.9918736200609718
10.6084/m9.figshare.3486551.v1,4,91,164,3.0,1717986918700,1,0.9722563577608291
10.6084/m9.figshare.4110033.v1,9,51,246,3.0,1717986918726,1,0.974435830000182
10.6084/m9.figshare.4659151.v1,3,25,144,2.0,1717986918779,2,1.055196976100378
10.6084/m9.figshare.5640931,1,19,106,2.0,1717986918917,1,0.9913979589389988
10.6084/m9.figshare.93272,4,316,556,7.0,1717986919257,2,0.9329713451507995
10.6084/m9.figshare.154969,3,58,521,6.0,1717986918588,2,0.9441804894302477
10.6084/m9.figshare.806234,4,74,380,6.0,1717986919169,2,0.9461424656927309
10.6084/m9.figshare.1030416,6,350,696,5.0,1717986918406,1,0.9528570239713086
10.6084/m9.figshare.153796,4,13,255,6.0,1717986918576,2,0.9441193481520818
10.6084/m9.figshare.4806631,3,227,421,2.0,1717986918806,2,0.9850503155359923
10.6084/m9.figshare.5900236.v1,3,4,39,1.0,1717986918975,1,1.0013235585592606
10.6084/m9.figshare.6789899,3,53,24,1.0,1717986919084,1,1.0150130815429446
10.6084/m9.figshare.97571,3,18,278,7.0,1717986919325,2,0.9329713451507995
10.6084/m9.figshare.5815956.v1,2,131,217,1.0,1717986918956,1,1.0025314576460562
10.6084/m9.figshare.5892748,1,13,48,1.0,1717986918970,1,1.0106078025205134
10.6084/m9.figshare.679769,3,34,298,6.0,1717986919098,2,0.9423724022977866
10.6084/m9.figshare.749728,4,257,1289,6.0,1717986919144,1,0.9432260061969387
10.6084/m9.figshare.156048,3,41,355,6.0,1717986918607,2,0.9464741627199148
10.6084/m9.figshare.5675431.v2,3,39,115,2.0,1717986918927,1,0.9857721579123122
10.6084/m9.figshare.5732463.v2,4,16,85,2.0,1717986918938,1,0.9855753728315686
10.6084/m9.figshare.679765,3,38,347,6.0,1717986919094,2,0.9423724022977866
10.6084/m9.figshare.815942,4,23,106,6.0,1717986919187,1,0.9429419408681652
10.6084/m9.figshare.904909,4,34,323,5.0,1717986919235,1,0.9580763805936638
10.6084/m9.figshare.104576,4,28,391,6.0,1717986918431,3,0.9427376989565974
10.6084/m9.figshare.5264119,3,133,237,2.0,1717986918850,1,0.9842678282492908
10.6084/m9.figshare.5923915.v1,9,1,33,1.0,1717986918987,1,1.0013235585592606
10.6084/m9.figshare.638006,3,26,345,6.0,1717986919028,1,0.9434639070780841
10.6084/m9.figshare.656876,3,49,212,6.0,1717986919065,1,0.942353237226207
10.6084/m9.figshare.104580,4,35,431,6.0,1717986918435,3,0.9427376989565974
10.6084/m9.figshare.1265056,3,57,389,4.0,1717986918501,1,0.9647229985062266
10.6084/m9.figshare.1286826,5,6325,40105,4.0,1717986918508,1,1.3102749082651934
10.6084/m9.figshare.1455949,6,362,701,4.0,1717986918549,1,0.9655609328186442
10.6084/m9.figshare.4224270.v2,1,62,1155,3.0,1717986918734,1,0.9724853298636604
10.6084/m9.figshare.6099572.v1,4,1,200,1.0,1717986919002,1,0.9936903073857605
10.6084/m9.figshare.687063,3,29,296,6.0,1717986919106,1,0.9446690482131346
10.6084/m9.figshare.833294,1,33,302,6.0,1717986919196,1,0.9441193481520818
10.6084/m9.figshare.96908,1,390,3307,7.0,1717986919296,4,0.9379432735505344
10.6084/m9.figshare.104579,4,37,465,6.0,1717986918434,3,0.9427376989565974
10.6084/m9.figshare.4667959.v1,4,12,301,2.0,1717986918781,1,0.9891937527603698
10.6084/m9.figshare.4800619.v1,6,56,299,2.0,1717986918801,1,0.9930555252142335
10.6084/m9.figshare.757766,4,74,431,6.0,1717986919145,2,0.9464741627199148
10.6084/m9.figshare.841773,6,200,619,6.0,1717986919204,1,0.9526968294881825
10.6084/m9.figshare.4530893.v4,6,1127,2426,2.0,1717986918757,1,0.9851913228655106
10.6084/m9.figshare.5498116.v1,4,5,116,2.0,1717986918887,1,0.9826244944213738
10.6084/m9.figshare.5640796,3,15,129,2.0,1717986918915,1,0.9913979589389988
10.6084/m9.figshare.679831,4,13,303,6.0,1717986919099,2,0.9423724022977866
10.6084/m9.figshare.730446,4,101,825,6.0,1717986919138,1,0.9445037635961999
10.6084/m9.figshare.762434,4,34,270,6.0,1717986919148,1,0.9441193481520818
10.6084/m9.figshare.97386,3,33,370,7.0,1717986919317,2,0.9329764944056839
10.6084/m9.figshare.103706,3,27,453,6.0,1717986918410,1,0.9436514541298651
10.6084/m9.figshare.155795,3,51,423,6.0,1717986918604,3,0.9452967554359982
10.6084/m9.figshare.718155,4,44,444,6.0,1717986919129,1,0.9434864127877208
10.6084/m9.figshare.3545033.v1,3,24,117,3.0,1717986918704,1,0.9910035023198535
10.6084/m9.figshare.6073886.v1,3,15,60,1.0,1717986919000,2,1.0141522798948832
10.6084/m9.figshare.894971,4,88,607,5.0,1717986919226,1,0.9576304741498453
10.6084/m9.figshare.97096,4,14,460,7.0,1717986919305,2,0.9329457612304047
10.6084/m9.figshare.156849,3,15,286,6.0,1717986918613,2,0.9478083614371621
10.6084/m9.figshare.4733020,3,30,137,2.0,1717986918788,1,0.991848188943851
10.6084/m9.figshare.4772131.v1,4,13,209,2.0,1717986918796,1,0.9994439410996003
10.6084/m9.figshare.5202850,3,10,235,2.0,1717986918842,1,0.9847904061308546
10.6084/m9.figshare.812563,4,26,269,6.0,1717986919178,1,0.9441193481520818
10.6084/m9.figshare.c.2861359.v1,6,4,6,3.0,1717986919341,1,0.9711409539318121
10.6084/m9.figshare.5799339,4,10,48,1.0,1717986918946,1,1.0106078025205134
10.6084/m9.figshare.1092521.v1,7,393,784,4.0,1717986918473,1,0.9923445150254258
10.6084/m9.figshare.5688451,6,13,126,2.0,1717986918934,1,1.0675700405849728
10.6084/m9.figshare.5812743.v2,2,130,151,1.0,1717986918953,1,1.0025314576460562
10.6084/m9.figshare.106729,4,240,451,6.0,1717986918467,2,0.9424373377464867
10.6084/m9.figshare.159692,3,35,323,6.0,1717986918634,1,0.9441193481520818
10.6084/m9.figshare.6231662,4,47,114,1.0,1717986919017,1,1.0013235585592606
10.6084/m9.figshare.840512,6,17,266,6.0,1717986919200,1,0.94816558323338
10.6084/m9.figshare.1112485,6,413,1637,5.0,1717986918476,1,0.9561041599930787
10.6084/m9.figshare.5498197.v1,4,4,119,2.0,1717986918889,1,0.9826244944213738
10.6084/m9.figshare.5799303,4,10,66,1.0,1717986918944,1,1.0106078025205134
10.6084/m9.figshare.5923312.v1,4,1,56,1.0,1717986918986,1,1.028881552539487
10.6084/m9.figshare.677103,3,17,199,6.0,1717986919080,2,0.943334409962804
10.6084/m9.figshare.695020,3,11,248,6.0,1717986919112,1,0.9429419408681652
10.6084/m9.figshare.94250,6,324,1182,7.0,1717986919264,1,0.9436675447160409
10.6084/m9.figshare.1159108,4,145,590,3.0,1717986918484,1,0.9713766922034696
10.6084/m9.figshare.1246898,3,77,430,5.0,1717986918495,1,0.9526794125794055
10.6084/m9.figshare.157323,3,23,284,6.0,1717986918630,1,0.9429419408681652
10.6084/m9.figshare.6791120.v1,1,13,33,1.0,1717986919091,1,1.0016993493862638
10.6084/m9.figshare.717189,3,394,1329,6.0,1717986919126,1,0.9426490744804096
10.6084/m9.figshare.92757,4,361,875,7.0,1717986919247,2,0.932740335052859
10.6084/m9.figshare.1159099.v2,5,626,2717,5.0,1717986918483,1,0.9881332758436459
10.6084/m9.figshare.155786,4,25,266,6.0,1717986918598,2,0.9429419408681652
10.6084/m9.figshare.4542433.v6,3,456,3123,2.0,1717986918758,1,0.9852536806964217
10.6084/m9.figshare.5640934,1,16,116,2.0,1717986918918,1,0.9913979589389988
10.6084/m9.figshare.6384164,4,4,17,1.0,1717986919030,1,1.028881552539487
10.6084/m9.figshare.4674922.v1,5,107,160,2.0,1717986918782,1,0.9897856805310522
10.6084/m9.figshare.5561968.v2,1,39,159,1.0,1717986918897,2,1.0070979054132105
10.6084/m9.figshare.5712016,4,6,19,1.0,1717986918936,1,0.9945304166865125
10.6084/m9.figshare.827254,3,46,231,6.0,1717986919192,1,0.9441193481520818
10.6084/m9.figshare.95949,3,87,893,6.0,1717986919274,1,0.943379110813268
10.6084/m9.figshare.33627,1,31,206,8.0,1717986918677,1,0.9242721369259911
10.6084/m9.figshare.915332,4,25,328,5.0,1717986919236,1,0.9576304741498453
10.6084/m9.figshare.92338,4,1195,1492,7.0,1717986919239,4,0.9333178602977101
10.6084/m9.figshare.938214,4,207,734,4.0,1717986919258,1,0.9636586680806216
10.6084/m9.figshare.1514976,9,33,321,4.0,1717986918569,1,0.9630853055643729
10.6084/m9.figshare.4707316,3,635,490,2.0,1717986918787,1,0.9833344908451646
10.6084/m9.figshare.6226964.v2,1,79,66,1.0,1717986919016,1,1.0599469275717421
10.6084/m9.figshare.640096,3,31,369,6.0,1717986919042,1,0.942353237226207
10.6084/m9.figshare.1372041,4,424,7449,3.0,1717986918528,4,1.047036786229029
10.6084/m9.figshare.5151403.v1,2,138,54,2.0,1717986918836,1,0.9911200942165325
10.6084/m9.figshare.5549356,4,18,152,1.0,1717986918893,1,0.9969024900062832
10.6084/m9.figshare.6369134,3,10,50,1.0,1717986919027,1,1.0003288181348409
10.6084/m9.figshare.679764,3,28,192,6.0,1717986919093,2,0.9423724022977866
10.6084/m9.figshare.962952,3,88,532,5.0,1717986919276,1,0.9541155033340429
10.6084/m9.figshare.97091,3,62,437,7.0,1717986919300,2,0.9329713451507995
10.6084/m9.figshare.2067036.v3,9,175,404,3.0,1717986918652,1,0.9723851301719306
10.6084/m9.figshare.5900233.v1,4,3,45,1.0,1717986918974,1,1.002723193434834
10.6084/m9.figshare.731681,4,25,283,6.0,1717986919139,2,0.9464741627199148
10.6084/m9.figshare.97231,3,54,420,6.0,1717986919315,2,0.9441193481520818
10.6084/m9.figshare.154681,3,21,442,6.0,1717986918579,2,0.9424373377464867
10.6084/m9.figshare.815938,3,17,241,6.0,1717986919183,1,0.9437772823165931
10.6084/m9.figshare.978686,4,207,694,5.0,1717986919327,1,0.9516858269952514
10.6084/m9.figshare.c.3966030,1,2,14,3.0,1717986919346,1,0.9910035023198535
10.6084/m9.figshare.1265047,3,90,490,5.0,1717986918500,1,0.9514294573022494
10.6084/m9.figshare.1408851,6,246,717,4.0,1717986918537,1,0.9758304611129833
10.6084/m9.figshare.384512,3,17,501,6.0,1717986918713,2,0.9457843950155186
10.6084/m9.figshare.1157786,3,535,1108,5.0,1717986918482,1,0.9528535735700419
10.6084/m9.figshare.5211916,3,35,251,1.0,1717986918843,1,1.0191736228419073
10.6084/m9.figshare.5663362.v2,4,5,118,2.0,1717986918925,1,0.986919547712772
10.6084/m9.figshare.6086198.v1,3,10,22,1.0,1717986919001,1,1.0218212400321562
10.6084/m9.figshare.6327221,6,9,39,1.0,1717986919023,1,1.0191736228419073
10.6084/m9.figshare.654019,4,75,587,6.0,1717986919060,1,0.9522085703327424
10.6084/m9.figshare.92819,3,116,1421,7.0,1717986919248,2,0.932740335052859
10.6084/m9.figshare.103767,3,13,254,6.0,1717986918415,2,0.9421577857050534
10.6084/m9.figshare.715890,4,2909,698,6.0,1717986919125,1,0.9423860401057564
10.6084/m9.figshare.878459,3,367,702,6.0,1717986919218,1,0.9422768516578893
10.6084/m9.figshare.97094,4,18,412,7.0,1717986919303,2,0.9329457612304047
10.6084/m9.figshare.2066640,6,271,489,3.0,1717986918651,1,0.9742142199178437
10.6084/m9.figshare.5382565.v1,3,125,473,2.0,1717986918865,2,1.0146366694875004
10.6084/m9.figshare.6789917,9,4,21,1.0,1717986919089,1,1.0150130815429446
10.6084/m9.figshare.805195,4,10,289,6.0,1717986919167,1,0.9441193481520818
10.6084/m9.figshare.821273,4,40,147,6.0,1717986919191,1,0.9441193481520818
10.6084/m9.figshare.1566809,9,315,1159,4.0,1717986918609,1,0.9614373530557406
10.6084/m9.figshare.4258328.v1,2,6,176,3.0,1717986918737,1,0.9735987145451396
10.6084/m9.figshare.5621260.v1,6,738,2865,1.0,1717986918911,1,1.1048324270895236
10.6084/m9.figshare.5907349.v1,4,5,74,1.0,1717986918979,1,1.0009712546589453
10.6084/m9.figshare.6632942,3,18,54,1.0,1717986919069,1,0.997647343947274
10.6084/m9.figshare.988687,4,1525,2581,5.0,1717986919334,1,0.952782775438892
10.6084/m9.figshare.104581,4,19,375,6.0,1717986918436,3,0.9427376989565974
10.6084/m9.figshare.1512512,6,32,475,4.0,1717986918567,1,0.9622106895915172
10.6084/m9.figshare.106410,4,38,361,6.0,1717986918455,3,0.9431774223249485
10.6084/m9.figshare.3398062.v1,9,87,504,3.0,1717986918683,1,0.9746927859503406
10.6084/m9.figshare.3443876.v3,6,734,5914,1.0,1717986918697,1,0.9951048411388346
10.6084/m9.figshare.5259415,3,44,1181,2.0,1717986918849,1,0.9814002482513794
10.6084/m9.figshare.679768,3,22,194,6.0,1717986919097,2,0.9423724022977866
10.6084/m9.figshare.4244126.v3,6,37,519,3.0,1717986918735,1,0.9834212217246482
10.6084/m9.figshare.4806619,3,278,462,2.0,1717986918805,2,0.9850503155359923
10.6084/m9.figshare.4816720,3,432,2102,2.0,1717986918808,1,0.9852536806964217
10.6084/m9.figshare.5255365.v1,4,30,200,2.0,1717986918847,1,0.9852536806964217
10.6084/m9.figshare.5918701.v1,4,7,117,1.0,1717986918982,1,1.0119098072093653
10.6084/m9.figshare.5552656,3,129,250,1.0,1717986918894,2,1.0180086712781977
10.6084/m9.figshare.5640985,6,18,707,2.0,1717986918921,1,0.9913979589389988
10.6084/m9.figshare.5688469,6,19,64,2.0,1717986918935,1,1.0675700405849728
10.6084/m9.figshare.5820753,3,0,67,1.0,1717986918961,1,1.0106078025205134
10.6084/m9.figshare.659413,3,102,161,6.0,1717986919067,1,0.9429419408681652
10.6084/m9.figshare.4640707,3,120,229,2.0,1717986918773,1,0.9822475591404869
10.6084/m9.figshare.775366,3,65,189,6.0,1717986919152,1,0.9420261796473413
10.6084/m9.figshare.924740,3,96,573,4.0,1717986919244,1,0.9612539238383485
10.6084/m9.figshare.97212,3,35,494,7.0,1717986919312,2,0.9332601077732251
10.6084/m9.figshare.1030403,6,30,320,5.0,1717986918405,1,0.9573517349328465
10.6084/m9.figshare.3382504.v3,4,51,444,3.0,1717986918680,1,0.9838563078766785
10.6084/m9.figshare.4206429,4,33,720,3.0,1717986918731,1,0.9717137310037313
10.6084/m9.figshare.4787575.v1,3,95,164,2.0,1717986918798,1,0.980945620443866
10.6084/m9.figshare.732739,3,335,323,6.0,1717986919141,2,0.9464741627199148
10.6084/m9.figshare.801049,4,38,162,6.0,1717986919165,1,0.9441193481520818
10.6084/m9.figshare.902838,4,52,453,5.0,1717986919232,1,0.9621150571896404
10.6084/m9.figshare.1416304.v1,6,160,213,4.0,1717986918538,1,0.9713799079133193
10.6084/m9.figshare.1452900,3,18,418,4.0,1717986918548,1,0.9614925296407302
10.6084/m9.figshare.1461721,9,230,854,4.0,1717986918551,1,1.0893579582271053
10.6084/m9.figshare.1512427.v5,3,11876,26478,2.0,1717986918566,1,1.0190303920970742
10.6084/m9.figshare.156850,3,60,275,6.0,1717986918614,2,0.9478083614371621
10.6084/m9.figshare.3856134,6,167,1582,3.0,1717986918715,1,1.0092772523388271
10.6084/m9.figshare.5897272,11,7,31,1.0,1717986918973,1,0.995874591567716
10.6084/m9.figshare.829534,4,50,390,6.0,1717986919194,1,0.9441193481520818
10.6084/m9.figshare.4595284,9,62,242,2.0,1717986918766,1,0.9869050258410944
10.6084/m9.figshare.723321,4,27,369,6.0,1717986919131,1,0.9441193481520818
10.6084/m9.figshare.924690,4,50,428,5.0,1717986919243,1,0.9576304741498453
10.6084/m9.figshare.92682,4,454,1134,7.0,1717986919246,3,0.9331247967832494
10.6084/m9.figshare.928547,4,29,422,5.0,1717986919253,1,1.3399284525627404
10.6084/m9.figshare.1517802,6,150,399,4.0,1717986918571,1,0.962238018257368
10.6084/m9.figshare.157079,3,18,289,6.0,1717986918619,3,0.9580040655538763
10.6084/m9.figshare.5437420.v1,3,145,305,2.0,1717986918876,1,0.9985656046031527
10.6084/m9.figshare.678214,3,20,251,6.0,1717986919082,2,0.9436395249245711
10.6084/m9.figshare.1189330,6,504,2187,5.0,1717986918489,1,0.9985271394501848
10.6084/m9.figshare.5868528,4,12,39,1.0,1717986918966,1,0.995779103734625
10.6084/m9.figshare.5928604.v1,9,7,62,1.0,1717986918988,1,1.0029937400126077
10.6084/m9.figshare.1180122,3,687,2614,4.0,1717986918486,2,0.9953828318656773
10.6084/m9.figshare.1502664.v1,1,51,1584,4.0,1717986918562,1,0.9774316043481741
10.6084/m9.figshare.1619902.v2,6,1939,18972,3.0,1717986918641,1,0.9765096987858691
10.6084/m9.figshare.3187063.v1,3,132,1271,3.0,1717986918671,1,0.9735987145451396
10.6084/m9.figshare.6384248,4,16,68,1.0,1717986919031,1,1.0106078025205134
10.6084/m9.figshare.641445,4,13,377,6.0,1717986919046,1,0.9441193481520818
10.6084/m9.figshare.646162,3,30,251,6.0,1717986919048,1,0.942353237226207
10.6084/m9.figshare.812579,3,21,227,6.0,1717986919179,1,0.9441193481520818
10.6084/m9.figshare.153795,4,11,312,6.0,1717986918575,2,0.9441193481520818
10.6084/m9.figshare.3175198.v1,5,185,1647,3.0,1717986918667,1,0.9975130077478346
10.6084/m9.figshare.963054.v1,3,2141,9761,5.0,1717986919278,3,0.9849675293128454
10.6084/m9.figshare.154970,3,100,464,6.0,1717986918589,2,0.9441804894302477
10.6084/m9.figshare.1558319,5,53,367,4.0,1717986918606,1,0.9615076715628277
10.6084/m9.figshare.157211,3,21,347,6.0,1717986918625,2,0.943555566305821
10.6084/m9.figshare.3841173.v2,4,48,416,2.0,1717986918709,1,0.9871628014233059
10.6084/m9.figshare.6613289,4,0,39,1.0,1717986919068,1,0.9987869704769898
10.6084/m9.figshare.94031,3,129,1596,6.0,1717986919259,2,0.9441193481520818
10.6084/m9.figshare.5788125.v1,4,15,121,1.0,1717986918943,1,1.0052448541453798
10.6084/m9.figshare.777781,3,19,332,6.0,1717986919154,3,1.004747573420374
10.6084/m9.figshare.775365,3,59,274,6.0,1717986919151,1,0.9420261796473413
10.6084/m9.figshare.841658,4,55,438,6.0,1717986919202,1,0.9425494717735264
10.6084/m9.figshare.856670,4,600,850,5.0,1717986919210,1,0.9538570753312402
10.6084/m9.figshare.904908,3,20,288,5.0,1717986919234,1,0.9580521289289555
10.6084/m9.figshare.97101,4,200,868,7.0,1717986919310,2,0.9329457612304047
10.6084/m9.figshare.1603445,4,37,228,4.0,1717986918636,1,0.9617578659957563
10.6084/m9.figshare.4959869,4,37,733,2.0,1717986918821,1,0.9945646670126754
10.6084/m9.figshare.5024606,4,19,170,2.0,1717986918827,1,0.9842868205138443
10.6084/m9.figshare.5686984.v2,4,213,1420,1.0,1717986918928,1,0.9922318355025113
10.6084/m9.figshare.6280796,3,12,69,1.0,1717986919019,1,1.0025314576460562
10.6084/m9.figshare.98108,3,11,271,7.0,1717986919329,2,0.9350020587316177
10.6084/m9.figshare.5812713.v1,2,148,125,1.0,1717986918952,1,1.0025314576460562
10.6084/m9.figshare.1269193,4,170,416,4.0,1717986918502,3,0.9822175256647868
10.6084/m9.figshare.155691,4,765,351,6.0,1717986918594,2,0.9574269931542528
10.6084/m9.figshare.6789902,3,49,28,1.0,1717986919085,1,1.0150130815429446
10.6084/m9.figshare.98606,4,23,440,6.0,1717986919331,1,0.9425494717735264
10.6084/m9.figshare.1015289.v1,3,1045,5709,5.0,1717986918402,1,0.9555199859019526
10.6084/m9.figshare.1141971,3,20,532,3.0,1717986918479,1,0.9726852594179145
10.6084/m9.figshare.4688512,4,53,1303,2.0,1717986918784,1,0.982996772398373
10.6084/m9.figshare.5373163.v2,4,41,72,1.0,1717986918864,1,0.9937286281608825
10.6084/m9.figshare.5484178.v1,3,25,108,2.0,1717986918883,1,0.9839801003383665
10.6084/m9.figshare.154680,3,16,297,6.0,1717986918578,2,0.9424373377464867
10.6084/m9.figshare.4315778.v2,6,530,2132,3.0,1717986918748,1,0.9820950491856039
10.6084/m9.figshare.5607778.v1,6,5152,17701,2.0,1717986918908,1,1.0190303920970742
10.6084/m9.figshare.705153,4,34,344,6.0,1717986919118,2,0.94466653085828
10.6084/m9.figshare.94257,4,192,279,7.0,1717986919265,2,0.932740335052859
10.6084/m9.figshare.155796,3,44,307,6.0,1717986918605,3,0.9452967554359982
10.6084/m9.figshare.1588581.v1,6,49,438,4.0,1717986918633,1,0.9621633051510569
10.6084/m9.figshare.5774244,9,24,57,1.0,1717986918940,1,1.0106078025205134
10.6084/m9.figshare.5782815.v1,6,193,1005,1.0,1717986918942,1,1.0025314576460562
10.6084/m9.figshare.6392252,9,4,21,1.0,1717986919034,1,1.0046117282955378
10.6084/m9.figshare.692034,4,35,487,6.0,1717986919111,2,0.9464741627199148
10.6084/m9.figshare.785757,3,13,275,6.0,1717986919158,1,0.9441193481520818
10.6084/m9.figshare.931754,4,45,681,5.0,1717986919254,1,0.9576304741498453
10.6084/m9.figshare.104583,4,14,387,6.0,1717986918438,2,0.942353237226207
10.6084/m9.figshare.106270,3,21,400,6.0,1717986918453,4,0.9433410893062509
10.6084/m9.figshare.6789911,3,51,23,1.0,1717986919087,1,1.0150130815429446
10.6084/m9.figshare.92401,4,132,543,7.0,1717986919241,4,0.9333178602977101
10.6084/m9.figshare.94046,2,46,437,7.0,1717986919263,4,0.9335488703956507
10.6084/m9.figshare.1226921,3,15,135,5.0,1717986918494,1,0.9518148480070523
10.6084/m9.figshare.1282484,6,187,143,5.0,1717986918505,1,0.9553767960837715
10.6084/m9.figshare.1491375,6,1486,5573,4.0,1717986918559,1,0.9732710630492114
10.6084/m9.figshare.870449,4,59,271,6.0,1717986919214,1,0.9440789655108269
10.6084/m9.figshare.106412,4,73,572,6.0,1717986918457,3,0.9431774223249485
10.6084/m9.figshare.3504413.v1,4,142,649,3.0,1717986918702,1,0.9778813945934628
10.6084/m9.figshare.4285250.v1,6,14,152,3.0,1717986918741,1,1.020372029136061
10.6084/m9.figshare.4983362.v1,6,122,1186,2.0,1717986918823,1,0.9821295322521302
10.6084/m9.figshare.5936482,2,6,88,1.0,1717986918990,1,0.994562703553798
10.6084/m9.figshare.6326723,3,7,46,1.0,1717986919022,1,1.0191736228419073
10.6084/m9.figshare.6571583.v1,1,4,15,1.0,1717986919066,1,1.028881552539487
10.6084/m9.figshare.97095,4,24,501,7.0,1717986919304,2,0.9329457612304047
10.6084/m9.figshare.1321361.v5,3,729,2880,4.0,1717986918524,2,0.9816706920569763
10.6084/m9.figshare.5640937,1,16,117,2.0,1717986918919,1,0.9913979589389988
10.6084/m9.figshare.681665,5,725,3698,6.0,1717986919102,1,0.9423632388367736
10.6084/m9.figshare.96319,4,24,272,6.0,1717986919280,1,0.942353237226207
10.6084/m9.figshare.154797,3,99,293,6.0,1717986918587,3,0.9475544971801014
10.6084/m9.figshare.4502732.v3,1,52,450,2.0,1717986918754,1,0.9813674780256169
10.6084/m9.figshare.6207584.v1,4,9,151,1.0,1717986919014,1,0.99281477347616
10.6084/m9.figshare.157246,4,82,482,6.0,1717986918626,2,0.9464741627199148
10.6084/m9.figshare.900915,3,28,461,5.0,1717986919230,1,0.9576304741498453
10.6084/m9.figshare.95929,4,2951,352,7.0,1717986919272,3,0.935062556566927
10.6084/m9.figshare.97468,3,29,267,7.0,1717986919323,2,0.9329713451507995
10.6084/m9.figshare.103772,3,26,281,6.0,1717986918420,2,0.9421577857050534
10.6084/m9.figshare.5151466.v1,2,131,93,2.0,1717986918837,1,0.9911200942165325
10.6084/m9.figshare.5947855,3,5,85,1.0,1717986918992,1,1.0106078025205134
10.6084/m9.figshare.761185,4,44,321,6.0,1717986919146,1,0.9429419408681652
10.6084/m9.figshare.1100493.v3,5,214,685,5.0,1717986918474,1,0.9551125963797459
10.6084/m9.figshare.1462655,5,142,160,4.0,1717986918552,1,0.9613390769786281
10.6084/m9.figshare.384520,3,39,266,6.0,1717986918714,2,0.9457843950155186
10.6084/m9.figshare.4644466,3,46,302,2.0,1717986918778,1,0.998546660435181
10.6084/m9.figshare.5687791.v1,3,20,61,2.0,1717986918933,1,1.0675700405849728
10.6084/m9.figshare.893581,4,31,410,5.0,1717986919225,1,0.9677489100945068
10.6084/m9.figshare.103768,4,22,245,6.0,1717986918416,2,0.9421577857050534
10.6084/m9.figshare.105626,6,434,795,7.0,1717986918443,1,0.9352840924272733
10.6084/m9.figshare.6468653.v1,6,15,31,1.0,1717986919053,1,1.0150130815429446
10.6084/m9.figshare.6768449,3,53,42,1.0,1717986919077,1,1.0150130815429446
10.6084/m9.figshare.96320,3,31,344,7.0,1717986919281,2,0.9415750357233884
10.6084/m9.figshare.104582,4,21,403,6.0,1717986918437,3,0.9427376989565974
10.6084/m9.figshare.1601897,9,61,357,4.0,1717986918635,2,0.9635801617069869
10.6084/m9.figshare.4038048,3,85,660,3.0,1717986918721,1,0.9765570703267292
10.6084/m9.figshare.5853420.v3,3,10,61,1.0,1717986918962,1,0.9983709163470936
10.6084/m9.figshare.818973,3,43,327,6.0,1717986919189,2,0.9501836973029548
10.6084/m9.figshare.726964,4,19,340,6.0,1717986919134,2,0.954379191187944
10.6084/m9.figshare.1466876.v8,4,95,741,3.0,1717986918553,1,1.0133017065734355
10.6084/m9.figshare.4530893.v2,6,1127,2426,2.0,1717986918756,3,1.0075390289731905
10.6084/m9.figshare.640094,3,38,428,6.0,1717986919040,1,0.9441193481520818
10.6084/m9.figshare.701173,3,50,666,6.0,1717986919115,1,0.9450917859995831
10.6084/m9.figshare.1008029,3,2892,8308,5.0,1717986918401,2,0.9577358611525599
10.6084/m9.figshare.1536518,3,317,516,4.0,1717986918574,1,0.9610997155227596
10.6084/m9.figshare.5414350,3,30,172,2.0,1717986918873,1,0.9825564500943575
10.6084/m9.figshare.656874,3,64,201,6.0,1717986919064,1,0.942353237226207
10.6084/m9.figshare.1619669,4,20,335,3.0,1717986918640,1,0.9712307880590965
10.6084/m9.figshare.5160997.v1,4,66,140,2.0,1717986918838,1,0.9816936560866946
10.6084/m9.figshare.5976715.v1,6,88,53,1.0,1717986918996,1,0.9938445476193923
10.6084/m9.figshare.6137198,3,23,93,1.0,1717986919007,1,0.994562703553798
10.6084/m9.figshare.96402,4,1840,591,7.0,1717986919292,4,0.9379432735505344
10.6084/m9.figshare.639181,4,34,416,6.0,1717986919033,2,0.9472720770480058
10.6084/m9.figshare.6849011.v1,3,7,83,1.0,1717986919104,1,0.9959733162765049
10.6084/m9.figshare.877018,4,44,334,6.0,1717986919216,1,0.9475121285165552
10.6084/m9.figshare.988297,4,14,545,5.0,1717986919333,1,0.9516858269952514
10.6084/m9.figshare.156844,3,28,355,6.0,1717986918611,2,0.9441193481520818
10.6084/m9.figshare.3203452.v3,7,367,992,3.0,1717986918674,1,0.9888395056070802
10.6084/m9.figshare.3406876,4,42,176,3.0,1717986918689,1,0.973758575613869
10.6084/m9.figshare.4811404,3,25,164,2.0,1717986918807,1,1.0070821709308222
10.6084/m9.figshare.5729571,4,78,95,1.0,1717986918937,1,0.9983832880918042
10.6084/m9.figshare.5877727.v1,3,1,52,1.0,1717986918968,1,1.0094656931443275
10.6084/m9.figshare.715886,4,16,383,6.0,1717986919124,2,0.9464741627199148
10.6084/m9.figshare.815939,4,15,274,6.0,1717986919184,1,0.9437772823165931
10.6084/m9.figshare.157210,3,31,332,6.0,1717986918624,2,0.943555566305821
10.6084/m9.figshare.3398563.v1,9,106,857,3.0,1717986918687,1,0.9746927859503406
10.6084/m9.figshare.5426518.v1,5,19,103,2.0,1717986918875,1,0.9847374456328964
10.6084/m9.figshare.1252208,3,29,372,5.0,1717986918497,2,0.9523166308057655
10.6084/m9.figshare.154684,3,83,594,6.0,1717986918582,2,0.9424373377464867
10.6084/m9.figshare.3756600,3,128,353,3.0,1717986918706,1,0.9783284860400866
10.6084/m9.figshare.96406,4,142,309,6.0,1717986919293,1,0.942353237226207
10.6084/m9.figshare.3398266.v1,9,2,281,3.0,1717986918685,2,0.9770723593092554
10.6084/m9.figshare.5799342,3,0,94,1.0,1717986918947,1,1.0106078025205134
10.6084/m9.figshare.656873,3,58,197,6.0,1717986919063,1,0.942353237226207
10.6084/m9.figshare.677101,3,32,218,6.0,1717986919078,2,0.943334409962804
10.6084/m9.figshare.732736,4,18,263,6.0,1717986919140,1,0.945091693098969
10.6084/m9.figshare.1031637.v2,3,3432,56386,5.0,1717986918408,1,0.9552464988583332
10.6084/m9.figshare.4552822.v1,4,11,174,2.0,1717986918760,1,0.9829006714876242
10.6084/m9.figshare.4635310,3,0,70,2.0,1717986918771,1,0.9821983700143846
10.6084/m9.figshare.5801682.v1,6,251,1562,1.0,1717986918948,1,1.0025314576460562
10.6084/m9.figshare.6137270,3,10,75,1.0,1717986919008,1,0.994562703553798
10.6084/m9.figshare.674588,4,76,937,6.0,1717986919076,1,0.9449266427116955
10.6084/m9.figshare.105910,3,37,468,6.0,1717986918444,2,0.9434227371125977
10.6084/m9.figshare.1286826.v1,5,6325,40105,4.0,1717986918509,1,0.9813474079236685
10.6084/m9.figshare.4871738,6,39,574,2.0,1717986918810,1,0.9985656046031527
10.6084/m9.figshare.678215,3,19,184,6.0,1717986919083,2,0.9436395249245711
10.6084/m9.figshare.3397714.v2,9,238,1710,3.0,1717986918682,1,0.9746927859503406
10.6084/m9.figshare.4822942.v2,5,46,580,2.0,1717986918809,1,0.9985926453653273
10.6084/m9.figshare.709569,3,28,340,6.0,1717986919121,2,0.9464741627199148
10.6084/m9.figshare.1320591,4,15514,932,4.0,1717986918522,1,0.9645227561090418
10.6084/m9.figshare.1577668.v1,9,326,311,4.0,1717986918631,1,0.9624377534994357
10.6084/m9.figshare.5457220.v1,4,40,289,2.0,1717986918879,1,0.9906481914205564
10.6084/m9.figshare.5593993,6,56,47,2.0,1717986918905,1,0.9839188657074038
10.6084/m9.figshare.97100,4,35,570,7.0,1717986919309,2,0.9329457612304047
10.6084/m9.figshare.3842877.v3,9,65,555,3.0,1717986918710,1,0.9710934474519256
10.6084/m9.figshare.5620408,4,19,69,2.0,1717986918909,1,0.985143616348093
10.6084/m9.figshare.1378610.v12,4,668,4620,3.0,1717986918530,1,0.9866580878400713
10.6084/m9.figshare.1471658.v1,4,560,1505,4.0,1717986918556,1,0.9632531227312254
10.6084/m9.figshare.103775,3,12,265,6.0,1717986918423,2,0.9421577857050534
10.6084/m9.figshare.177734,3,20,273,6.0,1717986918644,2,0.9454542577281607
10.6084/m9.figshare.4072821,1,41,222,3.0,1717986918725,1,0.9718366428117279
10.6084/m9.figshare.5498071.v2,4,13,113,2.0,1717986918885,1,0.9826244944213738
10.6084/m9.figshare.845665,3,612,4023,6.0,1717986919207,1,0.9448937118822179
10.6084/m9.figshare.1461581,6,206,523,4.0,1717986918550,1,0.9664855319080765
10.6084/m9.figshare.157260,3,42,477,6.0,1717986918627,2,0.9540203400744566
10.6084/m9.figshare.4595326.v2,4,36,492,2.0,1717986918767,1,0.9838366486113106
10.6084/m9.figshare.5147773.v1,1,66,199,2.0,1717986918835,1,0.9975982703801097
10.6084/m9.figshare.5558587.v1,4,15,59,2.0,1717986918895,1,0.9828771841208133
10.6084/m9.figshare.97387,3,55,371,7.0,1717986919318,2,0.9329764944056839
10.6084/m9.figshare.1486354,3,70,540,4.0,1717986918558,1,0.9615335691177349
10.6084/m9.figshare.678213,3,29,316,6.0,1717986919081,2,0.9436395249245711
10.6084/m9.figshare.807690,4,93,315,6.0,1717986919170,1,0.9441193481520818
10.6084/m9.figshare.808586,4,67,292,6.0,1717986919171,2,0.9461424656927309
10.6084/m9.figshare.5873142,4,179,1278,1.0,1717986918967,1,0.9982593784314192
10.6084/m9.figshare.790723,6,337,1990,4.0,1717986919161,1,0.9659104506053432
10.6084/m9.figshare.847286,3,20,324,6.0,1717986919208,1,0.9429419408681652
10.6084/m9.figshare.103777,1,86,262,6.0,1717986918425,2,0.9421577857050534
10.6084/m9.figshare.154685,3,295,919,6.0,1717986918583,2,0.9424373377464867
10.6084/m9.figshare.427708,3,40,422,6.0,1717986918740,2,0.9464741627199148
10.6084/m9.figshare.5896615,9,46,364,1.0,1717986918971,5,1.0482518592545815
10.6084/m9.figshare.679767,3,43,162,6.0,1717986919096,2,0.9423724022977866
10.6084/m9.figshare.104577,4,22,523,6.0,1717986918432,3,0.9427376989565974
10.6084/m9.figshare.1514975,9,87,587,4.0,1717986918568,1,0.9630853055643729
10.6084/m9.figshare.3114310,3,111,386,3.0,1717986918661,1,0.9731810339543546
10.6084/m9.figshare.703572,3,33,285,6.0,1717986919117,1,0.9441193481520818
10.6084/m9.figshare.813321,3,166,211,6.0,1717986919181,1,0.9441193481520818
10.6084/m9.figshare.1202194,3,15,176,3.0,1717986918492,1,0.9735214306971829
10.6084/m9.figshare.155790,4,32,347,6.0,1717986918602,2,0.9464741627199148
10.6084/m9.figshare.157208,3,28,329,6.0,1717986918622,2,0.943555566305821
10.6084/m9.figshare.6137192,3,29,92,1.0,1717986919006,1,0.994562703553798
10.6084/m9.figshare.95948,3,288,913,7.0,1717986919273,3,0.9357409728695212
10.6084/m9.figshare.1183468,4,24,363,5.0,1717986918487,1,0.9519292754551679
10.6084/m9.figshare.157059,3,19,463,6.0,1717986918617,3,0.9437524721466006
10.6084/m9.figshare.5808375,9,16,60,1.0,1717986918950,1,1.0106078025205134
10.6084/m9.figshare.639946,4,89,223,6.0,1717986919035,2,0.9464741627199148
10.6084/m9.figshare.6852896,3,8,69,1.0,1717986919105,1,0.9932269743774669
10.6084/m9.figshare.94258,4,39,303,7.0,1717986919266,2,0.932740335052859
10.6084/m9.figshare.154682,3,14,278,6.0,1717986918580,2,0.9424373377464867
10.6084/m9.figshare.3978216.v1,3,27,298,3.0,1717986918716,1,0.9868738214891125
10.6084/m9.figshare.4341020.v1,3,29,83,3.0,1717986918749,1,0.9715454804077982
10.6084/m9.figshare.4954523.v1,3,3,61,2.0,1717986918819,1,0.9855556949348712
10.6084/m9.figshare.5445241.v1,3,26,97,2.0,1717986918878,1,0.9869654374685859
10.6084/m9.figshare.4040700.v1,4,71,741,3.0,1717986918722,1,0.9719876325102118
10.6084/m9.figshare.4543255.v2,4,10,125,2.0,1717986918759,1,0.9827923248693212
10.6084/m9.figshare.4903115,4,4,90,2.0,1717986918813,1,0.9886079059452988
10.6084/m9.figshare.5777430.v1,4,13,64,1.0,1717986918941,1,0.9960869525298505
10.6084/m9.figshare.103707,3,22,429,6.0,1717986918411,1,0.9436514541298651
10.6084/m9.figshare.1273869,3,20,356,5.0,1717986918503,1,0.9629777273567964
10.6084/m9.figshare.4928696,4,97,539,2.0,1717986918816,1,0.9816008046239261
10.6084/m9.figshare.6340991,1,81,39,1.0,1717986919024,1,1.0016993493862638
10.6084/m9.figshare.6830282,3,10,48,1.0,1717986919103,1,1.0016993493862638
10.6084/m9.figshare.730373,4,41,433,6.0,1717986919137,1,0.9441193481520818
10.6084/m9.figshare.805214,8,615,1653,6.0,1717986919168,1,0.9473544691961958
10.6084/m9.figshare.92091,3,371,675,7.0,1717986919238,1,0.9349251922212158
10.6084/m9.figshare.640095,3,739,6822,6.0,1717986919041,1,0.942353237226207
10.6084/m9.figshare.1305596.v5,3,423,3484,4.0,1717986918517,1,0.9654581377654132
10.6084/m9.figshare.3363970.v1,1,36,199,2.0,1717986918678,1,1.0444829328441463
10.6084/m9.figshare.6241829.v1,6,13,63,1.0,1717986919018,1,1.0075241072048116
10.6084/m9.figshare.646164,3,153,209,6.0,1717986919050,1,0.942353237226207
10.6084/m9.figshare.729086,4,65,369,6.0,1717986919136,1,0.9441193481520818
10.6084/m9.figshare.1482094.v1,6,1326,12207,4.0,1717986918557,1,0.9813474079236685
10.6084/m9.figshare.155304,3,38,606,6.0,1717986918592,2,0.9442200157640889
10.6084/m9.figshare.5330908,3,11,86,2.0,1717986918859,1,0.9882790191792467
10.6084/m9.figshare.646165,3,24,358,6.0,1717986919051,1,0.942353237226207
10.6084/m9.figshare.1512323.v1,6,65,422,4.0,1717986918565,1,0.9844382966270585
10.6084/m9.figshare.6789905,3,52,26,1.0,1717986919086,1,1.0150130815429446
10.6084/m9.figshare.1418386,3,99,781,4.0,1717986918539,1,0.9614848595356271
10.6084/m9.figshare.5394382.v1,6,93,424,2.0,1717986918870,1,1.096693829677712
10.6084/m9.figshare.834938,3,69,630,6.0,1717986919198,1,0.9441193481520818
10.6084/m9.figshare.103774,3,16,261,6.0,1717986918422,2,0.9421577857050534
10.6084/m9.figshare.106438,4,38,400,6.0,1717986918459,2,0.9524029340709367
10.6084/m9.figshare.4954436.v1,3,1451,131,2.0,1717986918817,1,0.9831886388666339
10.6084/m9.figshare.718147,6,170,441,6.0,1717986919128,1,0.9434864127877208
10.6084/m9.figshare.791560,6,317,1154,6.0,1717986919163,1,0.962322502355594
10.6084/m9.figshare.103765,4,24,381,6.0,1717986918413,2,0.9421577857050534
10.6084/m9.figshare.1500901.v1,4,41,382,4.0,1717986918561,1,0.9693606737573086
10.6084/m9.figshare.384509,3,13,342,6.0,1717986918712,2,0.9457843950155186
10.6084/m9.figshare.5904904.v1,4,2,43,1.0,1717986918977,1,1.0075241072048116
10.6084/m9.figshare.5919451.v1,4,3,68,1.0,1717986918984,1,1.0084438058077403
10.6084/m9.figshare.1517750,3,195,241,3.0,1717986918570,1,0.9722302555475892
10.6084/m9.figshare.903706,4,136,403,5.0,1717986919233,1,0.9576304741498453
10.6084/m9.figshare.962956,6,143,253,5.0,1717986919277,1,0.9520724735079171
10.6084/m9.figshare.98605,3,47,385,6.0,1717986919330,1,0.9425494717735264
10.6084/m9.figshare.1471105,6,169,207,4.0,1717986918555,1,0.9621571893552464
10.6084/m9.figshare.3398074.v2,9,97,418,3.0,1717986918684,1,0.9746927859503406
10.6084/m9.figshare.811808,3,84,1745,6.0,1717986919176,1,0.9429419408681652
10.6084/m9.figshare.97388,3,38,694,7.0,1717986919319,2,0.9329764944056839
10.6084/m9.figshare.97570,3,17,270,7.0,1717986919324,2,0.9329713451507995
10.6084/m9.figshare.1194967.v7,4,1210,917,4.0,1717986918491,1,0.9680554716329229
10.6084/m9.figshare.1425362.v7,4,3276,18875,4.0,1717986918542,1,0.9723148470086768
10.6084/m9.figshare.3510288,4,11,133,3.0,1717986918703,1,0.9714660200314524
10.6084/m9.figshare.4490582.v1,6,44,160,3.0,1717986918753,1,0.9923343602982089
10.6084/m9.figshare.5255368.v1,4,64,208,2.0,1717986918848,1,0.9852536806964217
10.6084/m9.figshare.5285269.v1,3,128,130,2.0,1717986918852,1,0.9826244944213738
10.6084/m9.figshare.651717,3,38,407,6.0,1717986919058,1,0.9429419408681652
10.6084/m9.figshare.92584,4,1261,2925,7.0,1717986919245,2,0.932740335052859
10.6084/m9.figshare.4257596,3,27,206,3.0,1717986918736,1,0.9961592373634646
10.6084/m9.figshare.5815887.v1,2,161,393,1.0,1717986918955,1,1.0025314576460562
10.6084/m9.figshare.964812.v3,9,576,2420,5.0,1717986919295,1,0.9558981231138041
10.6084/m9.figshare.c.2861821.v6,6,4,8,3.0,1717986919343,1,0.9764329924898327
10.6084/m9.figshare.1004464,4,215,2672,5.0,1717986918400,1,0.9530882118604698
10.6084/m9.figshare.5799336,4,12,78,1.0,1717986918945,1,1.0106078025205134
10.6084/m9.figshare.811807,3,25,208,6.0,1717986919175,1,0.9429419408681652
10.6084/m9.figshare.103766,3,21,323,6.0,1717986918414,2,0.9421577857050534
10.6084/m9.figshare.1146256,3,237,1498,5.0,1717986918480,1,0.9696102629225052
10.6084/m9.figshare.3382393,4,357,2988,2.0,1717986918679,2,1.0016743120601963
10.6084/m9.figshare.3409927.v1,3,6,217,3.0,1717986918691,1,0.9718787976378861
10.6084/m9.figshare.3438392.v1,3,15,184,3.0,1717986918693,1,0.972918005069177
10.6084/m9.figshare.4750702,4,453,704,2.0,1717986918789,1,0.9833344908451646
10.6084/m9.figshare.5353630.v1,3,54,246,2.0,1717986918862,2,0.9985853651601265
10.6084/m9.figshare.877037,4,21,318,6.0,1717986919217,1,0.9441193481520818
10.6084/m9.figshare.923587,5,118,425,5.0,1717986919240,1,0.9518381642762878
10.6084/m9.figshare.96949,4,313,918,7.0,1717986919297,2,0.9345466517156641
10.6084/m9.figshare.106726,4,40,334,6.0,1717986918464,2,0.9424373377464867
10.6084/m9.figshare.5923300,4,35,111,1.0,1717986918985,2,1.002069175279505
10.6084/m9.figshare.c.3980439,6,32,120,3.0,1717986919347,1,0.9829271574453964
10.6084/m9.figshare.1153934,4,36,491,4.0,1717986918481,1,0.9617205978072846
10.6084/m9.figshare.136747010.6084/m9.figshare.1367470,3,50,381,4.0,1717986918527,1,0.9669788366849916
10.6084/m9.figshare.1492351.v1,4,66,543,4.0,1717986918560,1,0.9659847677107478
10.6084/m9.figshare.4884878.v1,6,2882,15147,2.0,1717986918811,2,0.9817766448119342
10.6084/m9.figshare.5498080.v1,4,8,108,2.0,1717986918886,1,0.9826244944213738
10.6084/m9.figshare.811802,3,15,356,6.0,1717986919173,1,0.9432360987746511
10.6084/m9.figshare.c.3259513.v1,6,12,11,3.0,1717986919344,1,0.9737426136587081
10.6084/m9.figshare.103773,1,93,244,6.0,1717986918421,2,0.9421577857050534
10.6084/m9.figshare.1213690,6,599,2223,5.0,1717986918493,3,0.977220498279786
10.6084/m9.figshare.4004742,6,25,289,3.0,1717986918719,1,0.9765678439806407
10.6084/m9.figshare.3483146.v1,3,42,396,3.0,1717986918699,1,0.9734016407328501
10.6084/m9.figshare.4468610.v1,1,31,171,3.0,1717986918750,1,0.9742269605801194
10.6084/m9.figshare.4806562,4,31,503,2.0,1717986918804,1,0.9820901791100325
10.6084/m9.figshare.6020078,6,79,464,1.0,1717986918999,1,1.0106078025205134
10.6084/m9.figshare.6353045,4,22,135,1.0,1717986919025,1,1.0016993493862638
10.6084/m9.figshare.96382,3,46,506,7.0,1717986919283,2,0.9371759723357134
10.6084/m9.figshare.96407,4,159,298,6.0,1717986919294,1,0.942353237226207
10.6084/m9.figshare.106265,3,22,345,6.0,1717986918448,4,0.9433410893062509
10.6084/m9.figshare.4315778,6,530,2132,3.0,1717986918747,2,0.9795705780651234
10.6084/m9.figshare.4564831.v1,3,19,197,2.0,1717986918763,1,0.9863209837388878
10.6084/m9.figshare.640098,3,30,432,6.0,1717986919044,1,0.942353237226207
10.6084/m9.figshare.97066,3,27,466,7.0,1717986919298,2,0.9341263956405018
10.6084/m9.figshare.106724,4,156,325,6.0,1717986918462,2,0.9424373377464867
10.6084/m9.figshare.2758129.v2,4,40,554,3.0,1717986918656,1,0.9838872823605416
10.6084/m9.figshare.3813930.v2,9,4,571,3.0,1717986918707,1,0.9710934474519256
10.6084/m9.figshare.3841173,4,48,416,2.0,1717986918708,1,0.9827196246611627
10.6084/m9.figshare.4806559,4,44,510,2.0,1717986918803,1,0.9820901791100325
10.6084/m9.figshare.5234803.v1,3,21,117,2.0,1717986918845,1,0.9847904061308546
10.6084/m9.figshare.5481565.v2,4,16,118,2.0,1717986918880,1,0.9826244944213738
10.6084/m9.figshare.94044,2,55,447,7.0,1717986919261,4,0.9335488703956507
10.6084/m9.figshare.1604778.v1,4,509,1471,3.0,1717986918637,1,0.9796425195777942
10.6084/m9.figshare.2816284.v1,4,20,571,3.0,1717986918657,1,0.9720701980745255
10.6084/m9.figshare.3203809.v1,3,290,558,3.0,1717986918675,1,0.9898613929436676
10.6084/m9.figshare.947740,6,266,1044,5.0,1717986919267,1,0.9520724735079171
10.6084/m9.figshare.1522435.v2,4,136,787,4.0,1717986918573,1,0.9680554716329229
10.6084/m9.figshare.2441878.v1,6,1788,11745,3.0,1717986918654,3,0.9866300564380295
10.6084/m9.figshare.3103054,4,66,776,3.0,1717986918660,1,0.9711409539318121
10.6084/m9.figshare.3180166.v1,4,367,6072,3.0,1717986918670,1,0.9751142321615982
10.6084/m9.figshare.5147722.v1,4,35,307,2.0,1717986918834,1,0.9975982703801097
10.6084/m9.figshare.6477494,4,5,32,1.0,1717986919055,1,0.9930115750128365
10.6084/m9.figshare.726135,4,56,485,6.0,1717986919133,1,0.9494937985080405
10.6084/m9.figshare.775367,3,68,367,6.0,1717986919153,1,0.9420261796473413
10.6084/m9.figshare.988754.v4,4,483,5821,4.0,1717986919336,1,0.9654581377654132
10.6084/m9.figshare.177736,3,12,281,6.0,1717986918645,2,0.9454542577281607
10.6084/m9.figshare.5896627.v1,3,6,106,1.0,1717986918972,1,1.0013235585592606
10.6084/m9.figshare.6323240.v1,3,35,738,1.0,1717986919021,1,0.9985738695811893
10.6084/m9.figshare.97467,3,27,279,7.0,1717986919322,2,0.9329713451507995
10.6084/m9.figshare.106948,4,83,410,7.0,1717986918469,2,0.9397546311854368
10.6084/m9.figshare.1252207,3,29,293,5.0,1717986918496,1,0.9516679282602867
10.6084/m9.figshare.5633638.v1,4,121,669,2.0,1717986918914,1,0.9835820553876705
10.6084/m9.figshare.5946970.v1,1,9,23,1.0,1717986918991,1,0.9997577634467478
10.6084/m9.figshare.1466903,6,208,565,4.0,1717986918554,1,0.9655609328186442
10.6084/m9.figshare.4960157.v2,3,10,132,2.0,1717986918822,1,0.9871883826890127
10.6084/m9.figshare.5593999,6,61,52,2.0,1717986918906,1,0.9839188657074038
10.6084/m9.figshare.6179231.v1,4,13,83,1.0,1717986919012,1,1.0034915825612016
10.6084/m9.figshare.92404,4,2480,360,7.0,1717986919242,4,0.9333178602977101
10.6084/m9.figshare.1425030,6,440,2309,4.0,1717986918541,1,0.9732710630492114
10.6084/m9.figshare.2062140,3,83,406,3.0,1717986918649,2,0.9725173704806548
10.6084/m9.figshare.4640719,3,117,292,2.0,1717986918774,2,0.9841955670052562
10.6084/m9.figshare.5117260.v1,9,226,477,2.0,1717986918831,1,0.9819163709541497
10.6084/m9.figshare.5562058.v3,1,49,137,1.0,1717986918901,2,1.0070979054132105
10.6084/m9.figshare.5663455,4,37,122,1.0,1717986918926,1,0.9942445341857044
10.6084/m9.figshare.705863,4,1245,788,6.0,1717986919120,1,0.9423860401057564
10.6084/m9.figshare.94032,3,133,1108,6.0,1717986919260,2,0.9441193481520818
10.6084/m9.figshare.95828,6,301,834,7.0,1717986919268,1,0.9366044882085129
10.6084/m9.figshare.1054733,4,17,457,5.0,1717986918442,1,0.9515305528849347
10.6084/m9.figshare.106728,4,115,349,6.0,1717986918466,2,0.9424373377464867
10.6084/m9.figshare.5661070.v1,4,21,162,1.0,1717986918924,1,1.0066919989450192
10.6084/m9.figshare.97385,3,26,330,7.0,1717986919316,2,0.9329764944056839
10.6084/m9.figshare.642878,3,35,377,6.0,1717986919047,1,0.9441193481520818
10.6084/m9.figshare.1041821,6,1422,3459,4.0,1717986918428,1,0.9792980694031255
10.6084/m9.figshare.3120697,3,51,529,3.0,1717986918665,1,0.9721347376538464
10.6084/m9.figshare.4210254.v1,7,112,1499,3.0,1717986918732,1,0.9829271574453964
10.6084/m9.figshare.4483502.v1,6,302,1363,3.0,1717986918752,2,1.045443836342131
10.6084/m9.figshare.690946,3,44,215,6.0,1717986919110,1,0.9441193481520818
10.6084/m9.figshare.c.2185342,3,12,6,3.0,1717986919340,1,0.9918736200609718
10.6084/m9.figshare.1392140.v1,6,1331,7184,4.0,1717986918533,1,1.0036456121772506
10.6084/m9.figshare.5914279.v2,6,175,427,1.0,1717986918980,1,1.0026132338026221
10.6084/m9.figshare.650543,3,27,296,6.0,1717986919056,1,0.9429419408681652
10.6084/m9.figshare.1439333,9,253,632,4.0,1717986918545,1,0.9613942433582435
10.6084/m9.figshare.1447202,6,473,1652,4.0,1717986918547,2,0.9707346708195764
10.6084/m9.figshare.154385,3,22,374,6.0,1717986918577,2,0.9464741627199148
10.6084/m9.figshare.3201289,4,51,341,3.0,1717986918673,1,0.9719235871406792
10.6084/m9.figshare.4311884,6,64,474,3.0,1717986918746,1,0.9853604155413476
10.6084/m9.figshare.106266,3,20,323,6.0,1717986918449,4,0.9433410893062509
10.6084/m9.figshare.1305115,4,79,738,4.0,1717986918516,1,0.9636273204583053
10.6084/m9.figshare.1439803,6,209,381,4.0,1717986918546,1,0.9659104506053432
10.6084/m9.figshare.155787,4,28,264,6.0,1717986918599,2,0.9429419408681652
10.6084/m9.figshare.157262,3,25,472,6.0,1717986918629,2,0.9540203400744566
10.6084/m9.figshare.177727,3,33,290,6.0,1717986918643,2,0.9454542577281607
10.6084/m9.figshare.816908,4,34,326,6.0,1717986919188,1,0.9480709201981427
10.6084/m9.figshare.1508606.v3,1,755,6949,4.0,1717986918564,1,0.9682410013297145
10.6084/m9.figshare.155692,2,80,394,6.0,1717986918595,3,0.9441193481520818
10.6084/m9.figshare.4258352.v1,2,2,148,3.0,1717986918739,1,0.9735987145451396
10.6084/m9.figshare.5231245.v1,3,396,2050,2.0,1717986918844,1,0.9852536806964217
10.6084/m9.figshare.5629732,3,1,53,1.0,1717986918912,1,1.0218212400321562
10.6084/m9.figshare.6967439,3,51,41,1.0,1717986919114,1,1.0150130815429446
10.6084/m9.figshare.1108081,3,449,908,5.0,1717986918475,1,0.9632806475735716
10.6084/m9.figshare.1314904.v1,6,443,1300,4.0,1717986918521,2,0.9787639668348941
10.6084/m9.figshare.4176573,1,531,334,3.0,1717986918729,1,0.9763244489054281
10.6084/m9.figshare.5918707.v1,9,1,46,1.0,1717986918983,1,1.0034915825612016
10.6084/m9.figshare.97572,3,56,488,7.0,1717986919326,2,0.9329713451507995
10.6084/m9.figshare.c.3966027,1,3,16,3.0,1717986919345,1,0.9910035023198535
10.6084/m9.figshare.6409235.v1,3,8,51,1.0,1717986919045,1,0.9997577634467478
10.6084/m9.figshare.818974,4,517,319,6.0,1717986919190,2,0.9791324179889951
10.6084/m9.figshare.880756,3,935,4178,5.0,1717986919220,1,0.9578720341038742
10.6084/m9.figshare.4788850,9,83,146,2.0,1717986918800,1,1.023884356945864
10.6084/m9.figshare.5640868,3,17,158,2.0,1717986918916,1,0.9913979589389988
10.6084/m9.figshare.5900911.v1,4,18,187,1.0,1717986918976,1,1.0249983806604552
10.6084/m9.figshare.5975011.v1,6,5634,45943,1.0,1717986918995,1,1.0150130815429446
10.6084/m9.figshare.714097,3,20,300,6.0,1717986919122,1,0.9472687734318693
10.6084/m9.figshare.103770,1,91,258,6.0,1717986918418,2,0.9421577857050534
10.6084/m9.figshare.4555474,9,262,372,2.0,1717986918761,1,0.9827196246611627
10.6084/m9.figshare.5660179.v1,4,18,83,2.0,1717986918923,1,0.9885197559046808
10.6084/m9.figshare.790754,6,457,959,6.0,1717986919162,1,0.9439892512257636
10.6084/m9.figshare.97229,3,17,439,6.0,1717986919314,2,0.9441193481520818
10.6084/m9.figshare.1254958,5,805,1973,5.0,1717986918498,1,0.9685873731657021
10.6084/m9.figshare.155789,4,10,345,6.0,1717986918601,2,0.9429419408681652
10.6084/m9.figshare.4204845.v1,6,49,343,3.0,1717986918730,1,0.9738289156294234
10.6084/m9.figshare.6131024,3,6,77,1.0,1717986919004,1,0.994562703553798
10.6084/m9.figshare.3085837.v1,3,338,794,3.0,1717986918659,1,0.9711409539318121
10.6084/m9.figshare.4659169.v1,3,26,177,2.0,1717986918780,2,1.055196976100378
10.6084/m9.figshare.5057098.v1,2,163,61,2.0,1717986918829,1,0.9839801003383665
10.6084/m9.figshare.5483461,3,131,168,2.0,1717986918881,2,0.992218014837092
10.6084/m9.figshare.5858343.v1,4,47,222,1.0,1717986918965,1,1.0150130815429446
10.6084/m9.figshare.155780,3,18,335,6.0,1717986918597,3,0.9488289772877478
10.6084/m9.figshare.761186,4,34,197,6.0,1717986919147,1,0.9429419408681652
10.6084/m9.figshare.95925,3,55,438,7.0,1717986919269,3,0.935062556566927
10.6084/m9.figshare.1052996,3,218,7528,5.0,1717986918441,1,0.9521637044104766
10.6084/m9.figshare.4563574.v2,3,221,337,2.0,1717986918762,1,0.9809339317072246
10.6084/m9.figshare.5053291.v1,3,169,88,2.0,1717986918828,1,0.9812110009808495
10.6084/m9.figshare.6470705.v1,3,18,27,1.0,1717986919054,1,1.0150130815429446
10.6084/m9.figshare.670617,4,136,310,6.0,1717986919071,2,0.9429419408681652
10.6084/m9.figshare.798826,4,12,181,6.0,1717986919164,2,0.9464741627199148
10.6084/m9.figshare.870448,4,25,291,6.0,1717986919213,1,0.9440789655108269
10.6084/m9.figshare.5607778,6,5152,17701,2.0,1717986918907,1,1.0051619211005316
10.6084/m9.figshare.5853750.v1,3,5,94,1.0,1717986918963,1,0.9979926853199151
10.6084/m9.figshare.103769,4,22,242,6.0,1717986918417,2,0.9421577857050534
10.6084/m9.figshare.1608304.v1,5,37,273,4.0,1717986918638,1,0.9650001074548878
10.6084/m9.figshare.3408580.v3,4,26,132,3.0,1717986918690,1,0.9725532141890784
10.6084/m9.figshare.97097,4,19,471,7.0,1717986919306,2,0.9329457612304047
10.6084/m9.figshare.155693,2,91,357,6.0,1717986918596,3,0.9441193481520818
10.6084/m9.figshare.4640725,3,114,215,2.0,1717986918776,2,0.9841955670052562
10.6084/m9.figshare.4753687.v1,3,14,176,2.0,1717986918793,1,0.9820743381984989
10.6084/m9.figshare.5024507.v1,6,48,259,2.0,1717986918826,1,0.982229544712468
10.6084/m9.figshare.5816592.v1,2,126,96,1.0,1717986918959,1,1.0025314576460562
10.6084/m9.figshare.1015774.v1,9,22,165,5.0,1717986918404,1,0.9521534326550664
10.6084/m9.figshare.5687773,2,19,135,1.0,1717986918932,1,0.9997577634467478
10.6084/m9.figshare.5969104.v1,7,25,251,1.0,1717986918993,1,0.9971821902616756
10.6084/m9.figshare.656793,3,164,793,6.0,1717986919061,1,0.9719672174251992
10.6084/m9.figshare.783889,4,74,371,6.0,1717986919155,1,0.9441193481520818
10.6084/m9.figshare.979190,3,1648,3255,5.0,1717986919328,5,0.9629825790320685
10.6084/m9.figshare.105911,3,25,291,6.0,1717986918445,2,0.9434227371125977
10.6084/m9.figshare.1279416,6,236,144,5.0,1717986918504,1,0.9570860378224638
10.6084/m9.figshare.1424473,6,87,204,4.0,1717986918540,1,0.9758304611129833
10.6084/m9.figshare.154971,4,57,335,6.0,1717986918590,3,0.9441193481520818
10.6084/m9.figshare.4258331.v1,2,21,173,3.0,1717986918738,1,0.9735987145451396
10.6084/m9.figshare.5112991,3,130,220,2.0,1717986918830,1,0.9836791144795264
10.6084/m9.figshare.6203993,3,4,25,1.0,1717986919013,1,0.9984590663877116
10.6084/m9.figshare.724793,4,90,282,6.0,1717986919132,2,0.9475098702594805
10.6084/m9.figshare.5561983,1,53,201,2.0,1717986918898,1,0.9839138724548355
10.6084/m9.figshare.6789914,9,2,19,1.0,1717986919088,1,1.0150130815429446
10.6084/m9.figshare.844630,4,62,377,6.0,1717986919205,2,0.9508458813559679
10.6084/m9.figshare.1036551,5,246,429,5.0,1717986918409,1,0.9514130291547206
10.6084/m9.figshare.5146096,4,57,224,2.0,1717986918832,1,0.9887386010437597
10.6084/m9.figshare.5277025.v1,3,113,104,2.0,1717986918851,1,0.9871883826890127
10.6084/m9.figshare.5917384.v1,4,4,51,1.0,1717986918981,1,1.0050589265925467
10.6084/m9.figshare.4753681,3,19,154,2.0,1717986918791,1,0.9820743381984989
10.6084/m9.figshare.6137312,3,10,67,1.0,1717986919009,1,0.994562703553798
10.6084/m9.figshare.687996,3,20,235,6.0,1717986919107,1,0.9441193481520818
10.6084/m9.figshare.93271,4,209,504,7.0,1717986919256,2,0.9329713451507995
10.6084/m9.figshare.97068,3,33,335,7.0,1717986919299,2,0.9329713451507995
10.6084/m9.figshare.4688752.v1,1,109,350,2.0,1717986918785,1,1.0020415151263096
10.6084/m9.figshare.6137315,3,45,176,1.0,1717986919010,1,0.994562703553798
10.6084/m9.figshare.106267,3,20,404,6.0,1717986918450,4,0.9433410893062509
10.6084/m9.figshare.1186832.v23,3,2205,20154,4.0,1717986918488,1,0.9658444465419896
10.6084/m9.figshare.1378610.v14,4,668,4620,3.0,1717986918531,1,0.9751142321615982
10.6084/m9.figshare.841666,4,91,680,6.0,1717986919203,1,0.9425494717735264
10.6084/m9.figshare.106632,4,27,327,6.0,1717986918460,2,0.9464741627199148
10.6084/m9.figshare.5440621.v2,7,207,1686,2.0,1717986918877,1,0.9861227873354276
10.6084/m9.figshare.670623,4,22,244,6.0,1717986919074,2,0.9429419408681652
10.6084/m9.figshare.679762,3,34,245,6.0,1717986919092,2,0.9423724022977866
10.6084/m9.figshare.106268,3,20,377,6.0,1717986918451,4,0.9433410893062509
10.6084/m9.figshare.1164194,3,634,5383,2.0,1717986918485,10,1.0382366467867028
10.6084/m9.figshare.1613874,1,11,167,4.0,1717986918639,6,0.9798476344446992
10.6084/m9.figshare.3454148,6,7,34,3.0,1717986918698,1,0.9758222330733215
10.6084/m9.figshare.5907055.v1,4,1,47,1.0,1717986918978,1,1.0006403025101642
10.6084/m9.figshare.96318,4,8,258,6.0,1717986919279,1,0.942353237226207
10.6084/m9.figshare.156237,4,33,748,6.0,1717986918608,3,0.9626627771067989
10.6084/m9.figshare.4291583.v1,2,50,219,3.0,1717986918742,1,0.9725182322610134
10.6084/m9.figshare.4635670.v1,4,0,158,2.0,1717986918772,1,0.9929485061848522
10.6084/m9.figshare.6126641.v1,3,87,178,1.0,1717986919003,1,0.9983709163470936
10.6084/m9.figshare.670620,4,203,249,6.0,1717986919072,2,0.9429419408681652
10.6084/m9.figshare.3497705,4,83,507,3.0,1717986918701,1,0.9715996575066574
10.6084/m9.figshare.4291586.v1,2,53,333,3.0,1717986918743,1,0.9725182322610134
10.6084/m9.figshare.5620651,4,3,53,1.0,1717986918910,1,1.0191736228419073
10.6084/m9.figshare.703568,6,311,1065,6.0,1717986919116,1,0.9447544991441273
10.6084/m9.figshare.811803,4,25,214,6.0,1717986919174,1,0.9432360987746511
10.6084/m9.figshare.831467,4,15,285,6.0,1717986919195,1,0.9441193481520818
10.6084/m9.figshare.97213,3,373,621,7.0,1717986919313,2,0.9332601077732251
10.6084/m9.figshare.105912,4,19,272,6.0,1717986918446,2,0.9434227371125977
10.6084/m9.figshare.3180166.http://doi.org/10.6084/m9.figshare.3180166.rieckkhaslingerdmeischke-ilicskirindi-hentschelrecklingf2016austrianfund(fwf)2015,4,367,6072,3.0,1717986918669,1,1.09901405262329
10.6084/m9.figshare.3545363,9,76,391,3.0,1717986918705,1,0.9951513283639049
10.6084/m9.figshare.640020,3,25,311,6.0,1717986919036,2,0.9429419408681652
10.6084/m9.figshare.98607,4,95,811,6.0,1717986919332,1,0.9425494717735264
10.6084/m9.figshare.5501596,4,18,692,2.0,1717986918891,1,0.9823414819580016
10.6084/m9.figshare.5687548.v2,4,26,202,1.0,1717986918929,1,1.0075241072048116
10.6084/m9.figshare.1289721,4,42,468,4.0,1717986918510,1,0.9632751330015086
10.6084/m9.figshare.154795,4,57,312,6.0,1717986918585,3,0.9475544971801014
10.6084/m9.figshare.5400796,4,31,198,2.0,1717986918871,1,0.9827523385475414
10.6084/m9.figshare.5406049.v1,6,2,21,2.0,1717986918872,1,0.986919547712772
10.6084/m9.figshare.884625,4,116,953,6.0,1717986919224,2,0.9541315039780479
10.6084/m9.figshare.106409,4,3,429,6.0,1717986918454,3,0.9431774223249485
10.6084/m9.figshare.4753684.v1,3,4,63,2.0,1717986918792,1,0.9820743381984989
10.6084/m9.figshare.5975011,6,5634,45943,1.0,1717986918994,1,1.0133488650233595
10.6084/m9.figshare.93270,4,166,600,7.0,1717986919255,2,0.9329713451507995
10.6084/m9.figshare.103771,4,12,253,6.0,1717986918419,2,0.9421577857050534
10.6084/m9.figshare.1320686,6,138,494,4.0,1717986918523,1,0.9648854678821464
10.6084/m9.figshare.4887020,3,21,205,2.0,1717986918812,1,0.9824542613606988
10.6084/m9.figshare.106411,4,106,543,6.0,1717986918456,3,0.9431774223249485
10.6084/m9.figshare.1085960,3,342,385,5.0,1717986918470,1,0.9534648944938208
10.6084/m9.figshare.1430094,6,109,428,4.0,1717986918543,2,0.9654294010041359
10.6084/m9.figshare.154796,3,88,273,6.0,1717986918586,3,0.9475544971801014
10.6084/m9.figshare.157057,3,24,570,6.0,1717986918615,3,0.9437524721466006
10.6084/m9.figshare.157207,3,212,702,6.0,1717986918621,2,0.943555566305821
10.6084/m9.figshare.177719,4,88,255,6.0,1717986918642,2,0.9454542577281607
10.6084/m9.figshare.2060595,4,59,779,3.0,1717986918648,1,0.9730895080730478
10.6084/m9.figshare.785731.v1,6,308,1072,6.0,1717986919156,1,0.9688320077835751
10.6084/m9.figshare.154973,4,187,506,6.0,1717986918591,2,0.9475151222301927
10.6084/m9.figshare.4906367.v1,9,19,1242,2.0,1717986918814,1,0.9852536806964217
10.6084/m9.figshare.5311198.v1,6,26,97,2.0,1717986918854,1,0.9837648515630091
10.6084/m9.figshare.715841,4,3394,1048,6.0,1717986919123,1,0.9423860401057564
10.6084/m9.figshare.722928,4,21,264,6.0,1717986919130,1,0.9441193481520818
10.6084/m9.figshare.97093,4,34,456,7.0,1717986919302,2,0.9329457612304047
10.6084/m9.figshare.104539.v1,7,687,5700,7.0,1717986918430,1,0.9458355687179817
10.6084/m9.figshare.104578,4,26,427,6.0,1717986918433,3,0.9427376989565974
10.6084/m9.figshare.156848,3,43,306,6.0,1717986918612,2,0.9505205225509457
10.6084/m9.figshare.4003401,3,260,784,3.0,1717986918718,1,0.9716582954702895
10.6084/m9.figshare.650553,4,112,306,6.0,1717986919057,1,0.9429419408681652
10.6084/m9.figshare.718146,6,263,413,6.0,1717986919127,1,0.9434864127877208
10.6084/m9.figshare.1402186,3,297,456,4.0,1717986918536,1,0.9624199845741455
10.6084/m9.figshare.5018774.v1,4,3927,768,2.0,1717986918825,2,1.272734124973659
10.6084/m9.figshare.5815830,2,139,317,1.0,1717986918954,1,1.0025314576460562
10.6084/m9.figshare.815941,4,10,214,6.0,1717986919186,1,0.9437772823165931
10.6084/m9.figshare.988754,4,483,5821,4.0,1717986919335,1,0.9770019934438863
10.6084/m9.figshare.103117,4,1405,540,7.0,1717986918407,1,0.9906413980914266
10.6084/m9.figshare.5178004.v1,3,52,72,2.0,1717986918840,3,0.9944520254541798
10.6084/m9.figshare.5339497,3,132,427,2.0,1717986918861,1,1.013442793209639
10.6084/m9.figshare.5687551.v1,3,60,209,1.0,1717986918930,1,0.9961922683664052
10.6084/m9.figshare.677102,3,15,167,6.0,1717986919079,2,0.943334409962804
10.6084/m9.figshare.1305840,3,30,328,4.0,1717986918519,1,0.9619155752225487
10.6084/m9.figshare.3118936.v1,1,235,3344,3.0,1717986918663,1,0.9751142321615982
10.6084/m9.figshare.4114041.v1,3,67,202,3.0,1717986918728,1,0.9740962548421411
10.6084/m9.figshare.837986,4,44,403,6.0,1717986919199,1,0.944321555782102
10.6084/m9.figshare.5648233,6,582,5400,2.0,1717986918922,1,0.9976729467623988
10.6084/m9.figshare.5877757.v1,9,73,47,1.0,1717986918969,1,1.0094656931443275
10.6084/m9.figshare.6226721,1,17,59,1.0,1717986919015,1,1.0599469275717421
10.6084/m9.figshare.640023,4,124,713,6.0,1717986919039,2,0.9429419408681652
10.6084/m9.figshare.640097,3,25,264,6.0,1717986919043,1,0.942353237226207
10.6084/m9.figshare.741709,3,43,314,6.0,1717986919142,1,0.952262021026818
10.6084/m9.figshare.106727,4,131,315,6.0,1717986918465,2,0.9424373377464867
10.6084/m9.figshare.4769746.v1,3,214,231,2.0,1717986918795,1,0.9994439410996003
10.6084/m9.figshare.5687770,3,24,110,1.0,1717986918931,1,0.9997577634467478
10.6084/m9.figshare.5805360,6,144,94,1.0,1717986918949,1,0.9954265332739815
10.6084/m9.figshare.6387623,9,6,45,1.0,1717986919032,1,1.0052448541453798
10.6084/m9.figshare.6714206.v1,4,25,150,1.0,1717986919075,1,1.1647925683056033
10.6084/m9.figshare.97098,4,13,459,7.0,1717986919307,2,0.9329457612304047
10.6084/m9.figshare.1190796,3,316,931,5.0,1717986918490,1,0.9520484801032875
10.6084/m9.figshare.5016599,3,93,149,2.0,1717986918824,1,0.9877615273699777
10.6084/m9.figshare.5418694.v1,7,53,220,2.0,1717986918874,1,1.0020415151263096
10.6084/m9.figshare.845664,3,206,939,6.0,1717986919206,1,0.9448937118822179
10.6084/m9.figshare.95928,4,5981,373,7.0,1717986919271,3,0.935062556566927
10.6084/m9.figshare.96380,3,12,368,7.0,1717986919282,4,0.9358589713750555
10.6084/m9.figshare.3178669.v1,2,1179,14050,3.0,1717986918668,1,0.97432870542754
10.6084/m9.figshare.5384089.v4,3,20,110,2.0,1717986918866,1,0.9827196246611627
10.6084/m9.figshare.5483464,4,41,145,1.0,1717986918882,2,1.002069175279505
10.6084/m9.figshare.5545639,3,33,128,2.0,1717986918892,1,0.9825321949923012
10.6084/m9.figshare.808590,4,54,413,6.0,1717986919172,2,0.9464741627199148
10.6084/m9.figshare.106813,3,18,299,6.0,1717986918468,2,0.9464741627199148
10.6084/m9.figshare.1291081,6,716,923,4.0,1717986918511,1,0.9899132282450623
10.6084/m9.figshare.155788,4,23,276,6.0,1717986918600,2,0.9429419408681652
10.6084/m9.figshare.4114032.v1,3,57,194,3.0,1717986918727,1,0.9740962548421411
10.6084/m9.figshare.902837,4,11,351,5.0,1717986919231,1,0.9576304741498453
10.6084/m9.figshare.1507481.v4,3,306,2193,3.0,1717986918563,2,0.9866396400179518
10.6084/m9.figshare.3397603.v3,4,1231,2557,2.0,1717986918681,1,0.9922498963796128
10.6084/m9.figshare.4688344.v1,1,70,444,2.0,1717986918783,1,0.981471628941159
10.6084/m9.figshare.5567806,4,11,105,2.0,1717986918903,1,0.9839138724548355
10.6084/m9.figshare.1120486,3,192,416,5.0,1717986918477,1,0.9537380832936332
10.6084/m9.figshare.1122524.v1,8,506,1710,5.0,1717986918478,1,0.9599665612285357
10.6084/m9.figshare.1401984,4,152,1700,4.0,1717986918535,1,0.9996211579426421
10.6084/m9.figshare.5562007,3,58,148,2.0,1717986918899,1,0.9839138724548355
10.6084/m9.figshare.670621,4,19,229,6.0,1717986919073,2,0.9429419408681652
10.6084/m9.figshare.863785,3,34,277,6.0,1717986919211,1,0.9441193481520818
10.6084/m9.figshare.4954643.v2,3,20,102,2.0,1717986918820,1,1.0230548463316826
10.6084/m9.figshare.157206,3,33,370,6.0,1717986918620,2,0.943555566305821
10.6084/m9.figshare.4291589.v1,2,59,256,3.0,1717986918744,1,0.9725182322610134
10.6084/m9.figshare.5498020,3,53,163,2.0,1717986918884,1,0.9873310298192628
10.6084/m9.figshare.5498152.v1,4,10,98,2.0,1717986918888,1,0.9826244944213738
10.6084/m9.figshare.679766,3,42,175,6.0,1717986919095,2,0.9423724022977866
10.6084/m9.figshare.1327994,6,433,413,4.0,1717986918525,1,0.9694113971817799
10.6084/m9.figshare.3398317,3,30,268,3.0,1717986918686,1,0.9713296110818151
10.6084/m9.figshare.6133121,3,6,72,1.0,1717986919005,1,0.994562703553798
10.6084/m9.figshare.2656255,3,277,650,3.0,1717986918655,1,0.9729664849029156
10.6084/m9.figshare.895737,4,29,409,5.0,1717986919228,1,0.9576304741498453
10.6084/m9.figshare.1041819,6,1263,1807,4.0,1717986918427,1,0.9616180037687183
10.6084/m9.figshare.3442985,3,102,323,3.0,1717986918695,1,0.9712569693418216
10.6084/m9.figshare.92821,1,186,546,7.0,1717986919250,2,0.932740335052859
10.6084/m9.figshare.155305,3,22,476,6.0,1717986918593,2,0.9442200157640889
10.6084/m9.figshare.5285401,3,16,78,2.0,1717986918853,1,0.9859279432922121
10.6084/m9.figshare.5394313,6,175,197,2.0,1717986918869,1,1.0276986733067552
10.6084/m9.figshare.5562373.v2,1,22,137,2.0,1717986918902,3,1.0005433736650229
10.6084/m9.figshare.5816595.v1,2,138,358,1.0,1717986918960,1,1.0025314576460562
10.6084/m9.figshare.870509,6,398,375,6.0,1717986919215,1,0.9432982318699394
10.6084/m9.figshare.880756.v5,3,935,4178,5.0,1717986919221,1,0.952662688590092
10.6084/m9.figshare.1295274,8,388,566,4.0,1717986918512,1,0.9620172577549916
10.6084/m9.figshare.5319250.v1,3,25,430,2.0,1717986918855,1,0.9863209837388878
10.6084/m9.figshare.97389,3,32,428,7.0,1717986919320,2,0.9329764944056839
10.6084/m9.figshare.97466,3,34,285,7.0,1717986919321,2,0.9329713451507995
10.6084/m9.figshare.4614973.v1,3,45,366,2.0,1717986918770,1,0.9827290363726656
10.6084/m9.figshare.95927,3,93,441,7.0,1717986919270,3,0.935062556566927
10.6084/m9.figshare.156843,3,15,352,6.0,1717986918610,2,0.9441193481520818
10.6084/m9.figshare.3980463,4,123,648,2.0,1717986918717,1,0.9917684624105985
10.6084/m9.figshare.154686,3,20,321,6.0,1717986918584,2,0.9424373377464867
10.6084/m9.figshare.6295061.v1,9,3,29,1.0,1717986919020,1,0.9981774027983046
10.6084/m9.figshare.785738.v1,6,479,919,6.0,1717986919157,1,0.958823041537286
10.6084/m9.figshare.157261,3,21,425,6.0,1717986918628,2,0.9540203400744566
10.6084/m9.figshare.5808780,4,10,251,1.0,1717986918951,1,0.9954265332739815
10.6084/m9.figshare.3115156.v2,4,635,5171,3.0,1717986918662,8,1.0751958138622166
10.6084/m9.figshare.879661,4,210,1109,6.0,1717986919219,1,0.9441193481520818
10.6084/m9.figshare.894979,3,45,296,5.0,1717986919227,1,0.9576304741498453
10.6084/m9.figshare.1086285,9,162,801,4.0,1717986918471,1,0.9624685610895058
10.6084/m9.figshare.1582705.v1,3,1691,4975,4.0,1717986918632,1,0.9791834112108952
10.6084/m9.figshare.3085426.v1,4,376,1116,3.0,1717986918658,1,0.9711409539318121
10.6084/m9.figshare.4524536.v3,3,315,158,2.0,1717986918755,1,0.9826244944213738
10.6084/m9.figshare.6353210,9,10,49,1.0,1717986919026,1,1.0191736228419073
10.6084/m9.figshare.97099,4,23,474,7.0,1717986919308,2,0.9329457612304047
10.6084/m9.figshare.154683,3,19,306,6.0,1717986918581,2,0.9424373377464867
10.6084/m9.figshare.4055448.v1,6,2068,9376,3.0,1717986918723,1,1.0092772523388271
10.6084/m9.figshare.4688911,5,380,2979,2.0,1717986918786,1,0.9975982703801097
10.6084/m9.figshare.92826,6,161,426,7.0,1717986919251,2,0.944163601189967
10.6084/m9.figshare.96145,6,408,864,7.0,1717986919275,1,0.9396747671791331
10.6084/m9.figshare.1048991.v3,6,1415,2405,5.0,1717986918439,1,0.962403169839995
10.6084/m9.figshare.1092508,4,1291,8633,1.0,1717986918472,1,1.0066919989450192
10.6084/m9.figshare.155791,4,33,297,6.0,1717986918603,2,0.9464741627199148
10.6084/m9.figshare.4640722,3,117,203,2.0,1717986918775,2,0.9841955670052562
10.6084/m9.figshare.4954478.v1,3,1947,119,2.0,1717986918818,1,0.9831886388666339
10.6084/m9.figshare.5172322,6,412,1532,2.0,1717986918839,1,1.0004164921117147
10.6084/m9.figshare.5633335,4,22,120,1.0,1717986918913,1,0.9951487840677736
10.6084/m9.figshare.705154,4,17,290,6.0,1717986919119,1,0.9434891235743634
10.6084/m9.figshare.847287,4,53,435,6.0,1717986919209,1,0.9429419408681652
10.6084/m9.figshare.97092,3,43,399,7.0,1717986919301,2,0.9329713451507995
10.6084/m9.figshare.4476308.v1,6,708,2321,3.0,1717986918751,1,0.9750372663726075
10.6084/m9.figshare.6803276,4,110,2576,1.0,1717986919101,1,0.9949721643000536
10.6084/m9.figshare.688001,6,1360,1751,6.0,1717986919108,5,0.9796330087439331
10.6084/m9.figshare.4308917,3,23,190,2.0,1717986918745,1,0.9834860271145375
10.6084/m9.figshare.4802320.v2,4,38,294,2.0,1717986918802,1,0.9825362827444786
10.6084/m9.figshare.6892952.v1,6,6,22,1.0,1717986919109,1,1.0052448541453798
10.6084/m9.figshare.747485,4,47,410,6.0,1717986919143,1,0.9441193481520818
10.6084/m9.figshare.1431294,6,207,491,4.0,1717986918544,1,0.9728406622251807
10.6084/m9.figshare.5336560,4,9,153,2.0,1717986918860,1,0.9817909586921866
10.6084/m9.figshare.5386846.v1,4,97,398,2.0,1717986918868,1,0.9944942932099913
10.6084/m9.figshare.6667409,4,8,47,1.0,1717986919070,1,1.0191736228419073
10.6084/m9.figshare.6004679,4,4,12,1.0,1717986918998,1,1.0011920067837174
10.6084/m9.figshare.5384101.v3,3,22,116,2.0,1717986918867,1,0.9827196246611627
10.6084/m9.figshare.640021,3,85,529,6.0,1717986919037,2,0.9429419408681652
10.6084/m9.figshare.656872,3,43,154,6.0,1717986919062,1,0.942353237226207
10.6084/m9.figshare.6790640,4,17,58,1.0,1717986919090,1,0.9981774027983046
10.6084/m9.figshare.2010396.v1,4,48,361,4.0,1717986918646,1,0.9618357725071043
10.6084/m9.figshare.1041514,6,515,1579,5.0,1717986918426,1,0.9652088432652288
10.6084/m9.figshare.106413,4,132,385,6.0,1717986918458,3,0.9431774223249485
10.6084/m9.figshare.3171442.v1,3,19,166,3.0,1717986918666,1,0.9722150629026494
10.6084/m9.figshare.3206962,3,109,637,3.0,1717986918676,1,0.9789695693805294
10.6084/m9.figshare.729084,3,54,297,6.0,1717986919135,1,0.9441193481520818
10.6084/m9.figshare.928540,4,37,396,5.0,1717986919252,1,0.9576304741498453
10.6084/m9.figshare.4214274.v1,7,125,2073,3.0,1717986918733,1,0.9782118773065719
10.6084/m9.figshare.640022,3,46,456,6.0,1717986919038,2,0.9429419408681652
10.6084/m9.figshare.773061,4,42,363,6.0,1717986919150,2,0.9487766347834462
10.6084/m9.figshare.815940,4,14,235,6.0,1717986919185,1,0.9437772823165931
10.6084/m9.figshare.1060394,4,38,762,5.0,1717986918447,1,0.9526505267693822
10.6084/m9.figshare.1335775,4,197,750,4.0,1717986918526,1,0.9616593880046418
10.6084/m9.figshare.4765477.v1,3,363,3409,2.0,1717986918794,1,0.9924930894665138
10.6084/m9.figshare.5195710.v1,3,25,163,2.0,1717986918841,1,0.982494539718805
10.6084/m9.figshare.5936479,2,34,118,1.0,1717986918989,1,0.994562703553798
10.6084/m9.figshare.3120676,3,59,561,3.0,1717986918664,1,0.9721347376538464
10.6084/m9.figshare.4596100,9,42,255,2.0,1717986918769,1,0.9944840643150644
10.6084/m9.figshare.5328442,6,135,594,2.0,1717986918857,1,0.9975982703801097
10.6084/m9.figshare.5357359.v1,4,10,108,1.0,1717986918863,1,0.9983770478694608
10.6084/m9.figshare.5640982,1,16,115,2.0,1717986918920,1,0.9913979589389988
10.6084/m9.figshare.786497,3,341,246,6.0,1717986919159,2,0.9524821755384867
10.6084/m9.figshare.103745,3,26,289,7.0,1717986918412,2,0.9341263956405018
10.6084/m9.figshare.106723,4,111,311,6.0,1717986918461,2,0.9424373377464867
10.6084/m9.figshare.1314904,6,443,1300,4.0,1717986918520,1,0.9632356618366618
10.6084/m9.figshare.5234815.v1,6,92,174,2.0,1717986918846,1,0.987965017064819
10.6084/m9.figshare.5328442.v3,6,135,594,2.0,1717986918858,1,1.030125168894308
10.6084/m9.figshare.5501593.v1,4,4,82,2.0,1717986918890,1,0.9822394434507994
10.6084/m9.figshare.841655,4,41,519,6.0,1717986919201,1,0.9425494717735264
10.6084/m9.figshare.900359,2,144,633,5.0,1717986919229,1,0.9576304741498453
10.6084/m9.figshare.c.2861821,6,4,8,3.0,1717986919342,1,0.97374735147691
10.6084/m9.figshare.1400482,3,259,523,4.0,1717986918534,1,0.9679321346564778
10.6084/m9.figshare.3438743.v1,4,43,253,3.0,1717986918694,1,0.9750750892588324
10.6084/m9.figshare.4640728,3,118,188,2.0,1717986918777,2,0.9841955670052562
10.6084/m9.figshare.651718,4,94,282,6.0,1717986919059,1,0.9429419408681652
10.6084/m9.figshare.1284624,3,470,2649,4.0,1717986918506,1,0.967383504607283
10.6084/m9.figshare.1521157,4,245,1730,3.0,1717986918572,1,0.9752414968241669
10.6084/m9.figshare.4072701,2,71,347,3.0,1717986918724,2,0.9759743620741982
10.6084/m9.figshare.805146.v15,4,1145,2848,5.0,1717986919166,1,0.9584954569813138
10.6084/m9.figshare.828487,3,89,1325,6.0,1717986919193,1,1.0291359008624663
10.6084/m9.figshare.833944,3,1253,1833,6.0,1717986919197,1,0.942814523494559
10.6084/m9.figshare.103776,1,36,270,6.0,1717986918424,2,0.9421577857050534
10.6084/m9.figshare.1297064.v1,3,242,687,4.0,1717986918514,1,0.9628102488843312
10.6084/m9.figshare.5816586.v1,2,126,115,1.0,1717986918958,1,1.0025314576460562
10.6084/m9.figshare.695021,4,158,181,6.0,1717986919113,1,0.9429419408681652
10.6084/m9.figshare.813320,3,69,331,6.0,1717986919180,3,0.9497094895951822
10.6084/m9.figshare.94045,2,61,493,7.0,1717986919262,4,0.9335488703956507
10.6084/m9.figshare.2062650,3,42,225,3.0,1717986918650,1,0.9751683101581415
10.6084/m9.figshare.5593984,6,55,58,2.0,1717986918904,1,0.9839188657074038
10.6084/m9.figshare.769251.v1,4,106,690,6.0,1717986919149,1,0.9445953861136289
10.6084/m9.figshare.1015761,9,70,819,5.0,1717986918403,3,0.9572981432678096
10.6084/m9.figshare.1254958.v2,5,805,1973,5.0,1717986918499,1,0.9573409612789351
10.6084/m9.figshare.157058,3,21,492,6.0,1717986918616,3,0.9437524721466006
10.6084/m9.figshare.157060,3,15,400,6.0,1717986918618,3,0.9437524721466006
10.6084/m9.figshare.4565155,4,10,175,2.0,1717986918764,1,0.9821466811715247
10.6084/m9.figshare.5853777,3,18,54,1.0,1717986918964,1,0.993933370183116
10.6084/m9.figshare.2058642.v1,6,15,182,4.0,1717986918647,1,0.9695265758801449
10.6084/m9.figshare.4753678,3,7,107,2.0,1717986918790,1,0.9820743381984989
10.6084/m9.figshare.4781224.v3,4,42,206,2.0,1717986918797,1,0.9812166511534887
10.6084/m9.figshare.5147068,3,42,335,2.0,1717986918833,1,0.9945646670126754
10.6084/m9.figshare.646163,3,23,220,6.0,1717986919049,1,0.942353237226207
10.6084/m9.figshare.920192,3,39,502,5.0,1717986919237,1,0.9576304741498453
10.6084/m9.figshare.97102,4,38,466,7.0,1717986919311,2,0.9329457612304047
10.6084/m9.figshare.c.3980448,3,36,197,3.0,1717986919348,1,0.9829271574453964
